x,y,cluster
0.3156102132784435,0.5818780749279926,0
0.3297363468786544,0.5640981340977065,0
0.3167143818748573,0.5776197122786889,0
0.3213237254415102,0.5789069353706375,0
0.3551791736907405,0.5767442685646068,0
0.2995329071755916,0.5819761463864621,0
0.3151349917756476,0.5873748699346963,0
0.30868979017117,0.5694501465799142,0
0.3427522433167621,0.5762264548924597,0
0.2683610816299796,0.5773299644013378,0
0.3502934893468696,0.5777571734362984,0
0.3369989925552692,0.5868518997487051,0
0.329144603417143,0.5891947324306459,0
0.3519946279616955,0.6077807773252655,0
0.2801044840774287,0.5511503237995127,0
0.3183991889515865,0.5754577540433854,0
0.2776537700039834,0.5929847223445368,0
0.293212123235449,0.568756172679097,0
0.3353713387662135,0.5796027178120501,0
0.3390957557028539,0.5808739474220157,0
0.3030107618513932,0.5736018670782932,0
0.2954500143817694,0.5725574186947369,0
0.301204654438184,0.5670528343279511,0
0.3198241633921449,0.59087006675362,0
0.3283346993657621,0.5760800755681672,0
0.3008990327854856,0.5726595089481666,0
0.3417096379087111,0.6008883127125758,0
0.3095743974237838,0.5726633552611073,0
0.3293029092285077,0.581137669752505,0
0.2808797017440333,0.5631023437546697,0
0.3456786361941339,0.5854009884609555,0
0.3214259995002511,0.5802476686519635,0
0.3226801120290014,0.5545526556380805,0
0.409519548793772,0.5676113197920629,0
0.3144564514430922,0.5727725517205232,0
0.3262912078599662,0.5728163649219061,0
0.3349268220733756,0.5750055459013287,0
0.3291276371324961,0.5793193409968044,0
0.3311088013552605,0.5849723025851341,0
0.316583214310011,0.5768489353332447,0
0.3367321474347484,0.5674155851867588,0
0.3175063317297566,0.5668327213556473,0
0.3481560368418401,0.571213819357602,0
0.3764012521557286,0.5984063997392488,0
0.3284348784290168,0.5816448012282754,0
0.3306961321558019,0.5650580556654169,0
0.3138652002471453,0.5745599864620576,0
0.2805196144425967,0.5827498616226717,0
0.3029140413431725,0.5676375132405695,0
0.2901248212633056,0.6007886362159005,0
0.305759947790187,0.5662995971477192,0
0.3263875949856448,0.5865184720866237,0
0.3365850766955037,0.5810010072746697,0
0.3257185225088024,0.5779190077563339,0
0.2908144630202143,0.5682058762789035,0
0.3594218972423729,0.5826870962445868,0
0.3278244899770468,0.5667434378303349,0
0.3273107895535776,0.5820858129552748,0
0.3066246384225493,0.5799494493277579,0
0.2737398056755408,0.5863063489585171,0
0.3195725352341293,0.5707791377534307,0
0.3707470488879003,0.5817157657867325,0
0.3208544420546459,0.5708857763722119,0
0.2789249410932452,0.5869368034220181,0
0.3088682951396069,0.5810561268378905,0
0.407609058096014,0.596022366241269,0
0.3296684668637069,0.5840083373391683,0
0.2924557532574853,0.5778703644728201,0
0.3190951542753697,0.5708183277735095,0
0.3172587567691226,0.5765688467391299,0
0.3019860981578554,0.5758321890106504,0
0.3402473238117903,0.5822508066302776,0
0.2991562829955142,0.5653901337512683,0
0.3046855668050472,0.546313899844905,0
0.331339473500721,0.5825358592877219,0
0.3479955084075513,0.570794990676446,0
0.3267183030591711,0.5674939658490873,0
0.3367571132935257,0.5748093391045914,0
0.3122826672245704,0.5717062387024627,0
0.3267524325233362,0.575991393362763,0
0.2829539150453295,0.574817366491666,0
0.307518674206518,0.5754197229625095,0
0.3270537311697871,0.5786000308272334,0
0.2944369286429862,0.5645338530430645,0
0.308584573147904,0.5783586733468721,0
0.357104690383608,0.5893726858722517,0
0.2895574161736495,0.5566306273496533,0
0.3630857938400703,0.5855312649792077,0
0.342610226338604,0.5840588395925044,0
0.3261947615232937,0.5554421260839217,0
0.3217307069651215,0.5713535467384957,0
0.321528432397446,0.5827922180677036,0
0.330134342833021,0.5738517760024396,0
0.3412278104438723,0.5665262686212855,0
0.3609307290542414,0.5794943639391144,0
0.318895362591041,0.5771382055483069,0
0.326142112547187,0.5859637498882397,0
0.3274112996808666,0.5976975027109356,0
0.3140716818328115,0.5785665036547859,0
0.3082757267845764,0.5986588411954636,0
0.3363380843762816,0.576727029700886,0
0.3071869454101099,0.5680707177614467,0
0.2902148198924712,0.574928344962454,0
0.3390598177721095,0.5898203136681881,0
0.3240392036601578,0.580845659404428,0
0.3304162782473978,0.6022284557288397,0
0.3153229534666394,0.5887860914528291,0
0.3460975253218401,0.5802256358510017,0
0.327910409747871,0.5774157921832597,0
0.3207094201861121,0.5801377202796211,0
0.3300398601775646,0.575127034729869,0
0.3218650055952949,0.5775074362403945,0
0.322504749219745,0.581578608689101,0
0.3084607281586257,0.6014261312903872,0
0.3661610680957402,0.5826211479489063,0
0.3250386237912074,0.5784343289336403,0
0.3201514571631111,0.5704327607500299,0
0.3356620999175268,0.5828654490726473,0
0.354816433869517,0.5950675604848625,0
0.3213212304676183,0.5769604104347492,0
0.303826819693957,0.5864754960645356,0
0.3330554533446828,0.5647504094121447,0
0.3520986709374767,0.5532617076389228,0
0.3126538086336593,0.5772634803963903,0
0.2970374736653252,0.5573397546411268,0
0.3253195647636866,0.5787661507553938,0
0.3362447929019075,0.5776481930260431,0
0.3152532844678382,0.5661346809789984,0
0.3334419016286947,0.592793222067654,0
0.3079624448050241,0.5791076350174835,0
0.3628847232453842,0.597958953663145,0
0.286395032976237,0.5693859244707956,0
0.3141738391790413,0.5719819841336793,0
0.3327566810908092,0.578093227561119,0
0.2867396769213288,0.5807212983597159,0
0.3367233114001957,0.56224542751344,0
0.2584875314980751,0.5397175535185751,0
0.3194586244489886,0.5799715996401134,0
0.3434422104018204,0.5792508432206412,0
0.3216082659818572,0.5912292101652654,0
0.3257791105133228,0.5761846162537031,0
0.3389782080845308,0.5683515247319387,0
0.3214533905734527,0.5784628530440696,0
0.3293045861950013,0.5794547630894542,0
0.3174629831961825,0.5828655184290378,0
0.3132011258842032,0.5700658693420512,0
0.3167742482253856,0.5750618332779861,0
0.3098068905812384,0.5873723719694758,0
0.337589098348044,0.579550359118047,0
0.3482445730615603,0.5695197437061307,0
0.3305028704599917,0.5784141794716728,0
0.3187620798520936,0.5888218424857778,0
0.3256899473368018,0.5707943432465626,0
0.3189543195428705,0.5789808654591535,0
0.3436245248094304,0.583941590541859,0
0.3374408352866755,0.5690944128731568,0
0.2873128516716863,0.5653861006426224,0
0.3105817870361743,0.5811840377842976,0
0.3542768291118108,0.5789405600468248,0
0.3259512040953402,0.5868315416127385,0
0.338557517750528,0.5706545901022558,0
0.330050995946449,0.5726967306107222,0
0.3539510174070543,0.5720615990769894,0
0.317761612917396,0.5843545752678803,0
0.3278858580573783,0.5699401278840086,0
0.3321398136354002,0.5772044126153162,0
0.3086659967009717,0.5882836567451262,0
0.3467058524161048,0.3388879634873342,1
0.3312968620502668,0.3236596650848509,1
0.3618100732834806,0.3385519738600578,1
0.3695014157102534,0.3315912449608518,1
0.3066858051799879,0.3342623537981689,1
0.3731982268388383,0.3458852554898384,1
0.3188987248088136,0.3171548083183049,1
0.3616489055738939,0.3394228875033231,1
0.3664586102298893,0.3575643937070784,1
0.3186221547898869,0.3302096391807805,1
0.3831569967780829,0.3461867047660658,1
0.3201424195136771,0.3227754965016122,1
0.352467287656694,0.3340583482213016,1
0.3116845980138256,0.3386550214874193,1
0.3570869467416219,0.351027963667527,1
0.3884017665517268,0.3546016401643999,1
0.3832422242189919,0.33613976329471,1
0.3626687205371415,0.3290100241952727,1
0.3779863385608984,0.3524218600371208,1
0.3660264306017537,0.3405643336321347,1
0.3559835019490412,0.3275406945595716,1
0.341969503503398,0.3445208235234243,1
0.2830559457786521,0.3194774182781382,1
0.3582020418150986,0.3400284675646561,1
0.3637748881573267,0.3332905885288582,1
0.3312385171743506,0.3261446658804678,1
0.3626974001416714,0.3470125834594211,1
0.3470402680536957,0.3499519822726785,1
0.3770927696276225,0.3530111242177817,1
0.3236785245430347,0.3210581638305862,1
0.3459351918565511,0.337634367751058,1
0.3892137417259174,0.347663678040396,1
0.3880166664369743,0.3411537077990326,1
0.387085788451781,0.3494567714797096,1
0.3772283574853106,0.3371678860874164,1
0.3227248589660816,0.3353151122102712,1
0.3715915138773216,0.3295372231599012,1
0.3721910204559019,0.3377308544656651,1
0.349387938230741,0.3269123144869564,1
0.3474948062035454,0.3323005103399462,1
0.3140732173616462,0.3259056900629059,1
0.3670036771016331,0.334968427314898,1
0.335155221614285,0.3313342086744322,1
0.3574718302156479,0.323603726900465,1
0.352491952641201,0.3293656277055096,1
0.3308403869061479,0.3498161109192331,1
0.3595133382890793,0.3350117122478407,1
0.3943118757769168,0.3520412099140205,1
0.3367480183866398,0.3338030394748739,1
0.3716113837350729,0.3402340662035877,1
0.4027764341462254,0.3496692057722785,1
0.3296248634648425,0.3278812140591995,1
0.3649846140130969,0.3410859865341983,1
0.3524719666509139,0.3326617789687984,1
0.3321238071307351,0.3455452881130607,1
0.3143787875075911,0.3150663715155863,1
0.3356459364231069,0.3375435805181034,1
0.3878412294438524,0.3514969611339631,1
0.3190884601522358,0.3230670809464485,1
0.4189243499084608,0.3460981164155949,1
0.3629644637602304,0.3389425453320234,1
0.3433345110156642,0.336999054734348,1
0.2987599699125172,0.3182698223611163,1
0.3093598296488054,0.3237848149886756,1
0.3493790125171548,0.3388207659529464,1
0.2997311794336786,0.3173258075915708,1
0.3279443834843594,0.337314684178433,1
0.3572182698279073,0.3371836596477554,1
0.3518454301584305,0.3370291264863567,1
0.3148479367081496,0.3277577369355504,1
0.3273470971251584,0.3353098714129711,1
0.321369160940799,0.3442597568511584,1
0.3082996756556014,0.3343533159457688,1
0.3258089811644147,0.3424343384964228,1
0.3554440509963223,0.3376379019472911,1
0.3646149296753672,0.3446144459896828,1
0.3670277184073297,0.3356071275556477,1
0.349416083277714,0.3210306522341346,1
0.3483583144782972,0.3352826200343174,1
0.3308224121566099,0.3343113350557802,1
0.3596574555785577,0.335881568643237,1
0.3511334742691128,0.3397176921070844,1
0.3530528712271565,0.3385668945325223,1
0.3629729360880037,0.3317598832596778,1
0.3912827720652084,0.3434272162987741,1
0.330487901098579,0.3273432944592175,1
0.3114936455087309,0.330592554275455,1
0.3146679608498244,0.3214287655664872,1
0.3782762613798107,0.3456341876086408,1
0.2867402300845151,0.3196339793968702,1
0.3758715220204262,0.3462414145687512,1
0.4106982103561435,0.3642060358789316,1
0.3346765650746928,0.3359561686798757,1
0.3888234335184009,0.3469920526939041,1
0.3767761628888564,0.3420198475504241,1
0.3195658444148312,0.3302473052019506,1
0.3351540209598646,0.3196400511770322,1
0.3749946690752556,0.3432201427712157,1
0.3621383944637206,0.3484237012716459,1
0.3559955798259596,0.3418887963932678,1
0.3603665408447518,0.3473851391536585,1
0.3746265285092775,0.3382004092003125,1
0.3346955775183831,0.3295656071351546,1
0.3678735689297633,0.3604421894809776,1
0.3477931542833286,0.3353845313396152,1
0.3613809830447077,0.3444999401315612,1
0.3726974624505685,0.3402375477746311,1
0.3171285653311011,0.3374303164820466,1
0.386289991629678,0.3572098812639755,1
0.3499037050124648,0.3539566581981443,1
0.341093674183674,0.3380438241689926,1
0.349038693067893,0.3364101616820406,1
0.3361358697238886,0.3313736419175636,1
0.3643720295549518,0.3312073128217456,1
0.3048753737175331,0.31479966967892,1
0.4022798987955441,0.3468439688407152,1
0.3316823600188595,0.330243302024405,1
0.370800163171498,0.3377317142823658,1
0.3534586009046248,0.3383175468351213,1
0.364468418565975,0.3433361614635505,1
0.3295908583213545,0.3349925103826556,1
0.365240772046059,0.3438188026611131,1
0.3660921524797583,0.3465147099901694,1
0.3762429284580884,0.3291176843681108,1
0.3998941809739496,0.3498570623441008,1
0.3831554413610251,0.3402270364896965,1
0.3046613333178991,0.3301111654891653,1
0.3884771638743092,0.3478500452146998,1
0.3811887330159895,0.3423937962503868,1
0.340409957809272,0.335232971267808,1
0.3742992020853186,0.3453204473894755,1
0.3666732752451802,0.3402614100124226,1
0.3444298889046665,0.3324697618105905,1
0.3374572877977655,0.3274483382977509,1
0.3413241768770404,0.3260799946332111,1
0.3664497281038362,0.3422497730102137,1
0.3704480303209306,0.324844223096046,1
0.3436885129358585,0.34149600836202,1
0.3999894827505386,0.3412758928396069,1
0.3592207207055902,0.3253475591274554,1
0.3377543153710974,0.3295491815243836,1
0.2996906787071562,0.3228455863261565,1
0.3116729666436135,0.3301553061389854,1
0.3368097583391293,0.3248758462453682,1
0.3898840007981575,0.3514109170418336,1
0.3375191861544712,0.3396409735554896,1
0.2885455988452938,0.3255273258593651,1
0.3665749237590504,0.3318617365387435,1
0.3349415823132934,0.3387677737617492,1
0.3938939424669054,0.3468506435224724,1
0.3963788554335121,0.3509613280948974,1
0.3278172533070235,0.3213637201353176,1
0.3654703569120804,0.3416962645057358,1
0.3961659143388429,0.3650503707933574,1
0.3129470537929156,0.3159272484478814,1
0.3121235282866866,0.3321606887403298,1
0.3704133220752555,0.3420163967729935,1
0.4094720939784374,0.3427115042949539,1
0.4223767251463351,0.3394148191894057,1
0.3504252712596646,0.326320234087247,1
0.3624494805172124,0.3503854816339772,1
0.3438716496667544,0.3450697537286855,1
0.3706844922470438,0.3451904806323736,1
0.3688661061127558,0.3406301398331348,1
0.3401886595151103,0.3194367003487833,1
0.3289380853827813,0.3264498130804514,1
0.3402791734451791,0.3200435127304517,1
0.3472036055215473,0.3381569935531711,1
0.3114227418620572,0.3344811215988629,1
0.3683740752254032,0.3396757488974067,1
0.3831577829123835,0.3397775964315066,1
0.3678021225013444,0.3390805865598701,1
0.3491371235929986,0.3285327644710906,1
0.3613520943196062,0.3551952610204956,1
0.3178317821474009,0.3216132057007578,1
0.3427147357176276,0.3321267352795376,1
0.3523163729092734,0.3355328438040986,1
0.3367900968618634,0.3227369514191015,1
0.3462801249499639,0.3381556753271055,1
0.3524330004163294,0.3353894733229267,1
0.3907094844365474,0.3612567419348324,1
0.3444343859606592,0.3201477369307794,1
0.35952988275551,0.3345210174768145,1
0.3311113026848608,0.3393110538794152,1
0.3596124693380563,0.3420425672716721,1
0.3152011853620156,0.3429536910278857,1
0.3522397625406329,0.3193590802908028,1
0.3188363903079826,0.3129728601957911,1
0.3837748480390511,0.3339313598036739,1
0.3349205630035295,0.3324733214806237,1
0.3141809401466496,0.3314606152282074,1
0.3532879116303383,0.3444496354339854,1
0.3343629155568831,0.3342527338911091,1
0.3358705318755295,0.326668233055789,1
0.3986554107714928,0.3487232928885691,1
0.3875641034702926,0.3458690477463351,1
0.3806499155328844,0.3403642051100106,1
0.3392710050109504,0.3329113281816773,1
0.3967052060860788,0.3624994434326996,1
0.3524746414699653,0.335682792185855,1
0.3592204796553328,0.342041723511672,1
0.3607169030970152,0.3309323807514145,1
0.3482806869198342,0.3308567439466975,1
0.3760774159489867,0.3380725363470837,1
0.3106487048152046,0.3288866115253537,1
0.3307558297763436,0.3297782805845213,1
0.7270127776630908,0.4107967810774007,2
0.5212601649076678,0.323730934043785,2
0.7598757697977603,0.4031838678766415,2
0.0274176290800151,0.0910778283379113,2
0.5826376128704401,0.2967979538993363,2
0.4861944616075996,0.3028184682348617,2
0.5871375513057161,0.4284398237605171,2
0.5208502759355955,0.3080513698938979,2
0.4685726834383823,0.4111070773321345,2
0.7622564388520761,0.4756149419591192,2
0.2911813720600612,0.2109667042289174,2
0.5259289179056229,0.3662755632365211,2
0.6642151115883561,0.3827405410796439,2
0.4096073353585686,0.2370858968300195,2
0.1483155660517248,0.220042438908702,2
0.7550456812969122,0.4357332431426592,2
0.4932032409667414,0.2997255605988805,2
0.6452202614356958,0.4478638026034923,2
0.6530436472559615,0.4648969508854103,2
0.6120445046580403,0.4387142382870798,2
0.5266499343054758,0.3721525258243021,2
0.5486534357390657,0.3541324192006239,2
0.5962959769608294,0.3851222306532523,2
0.5153619572126166,0.4705236271423638,2
0.7383971966497982,0.5100535973623035,2
0.8019159597462786,0.502027159498953,2
0.3256149304820745,0.2034164213184204,2
0.4389084804185259,0.3889665506029708,2
0.6891588736964529,0.4094942025060908,2
0.727271475487503,0.4148198569668052,2
0.6945807186642601,0.4794728648128086,2
0.6106712068482221,0.4043306518286834,2
0.5321294463284431,0.3224213201715055,2
0.6753449678959615,0.442598211952558,2
0.5259883604064068,0.3704482769503566,2
0.5632851580326502,0.3948638208291332,2
0.5719773359784577,0.3980771975378626,2
0.4583778608664827,0.3472342937592798,2
0.3887005450277416,0.2871325258883982,2
1.0,0.4769604696841447,2
0.6453497122975602,0.4572435286810773,2
0.5968122021193173,0.4087269362358106,2
0.767351873206672,0.4824924780374346,2
0.5712478264841547,0.4235249289946175,2
0.8359740770954731,0.6112238094017495,2
0.6936134663478777,0.3941289232243503,2
0.8038006723212757,0.5054608056979989,2
0.6805582294153028,0.4580990255027097,2
0.6433275936481347,0.4308076252027174,2
0.7961200540053364,0.438944737243575,2
0.6135944972637923,0.4240646163961848,2
0.7129497682308196,0.4212511871183376,2
0.5890576732837727,0.3706328536551233,2
0.6662329742628763,0.5142588825148031,2
0.7283402697801825,0.4611732262020588,2
0.6612796350917034,0.4178609267219307,2
0.8490406307948397,0.5615619914061978,2
0.6664447455727127,0.4377554083568432,2
0.5590326426188788,0.3390703225014704,2
0.6291167110905467,0.4023142657666402,2
0.5795266797969736,0.4086750385860574,2
0.6177212950438575,0.3763563619572407,2
0.675812607034195,0.4757763646960036,2
0.4625341544413257,0.3281445511223125,2
0.6248895622081877,0.4545535454904568,2
0.6889728463515301,0.4211825543497485,2
0.5152228294110441,0.3778619545829215,2
0.654236152005638,0.4336662998933925,2
0.549557798056028,0.4311074997721601,2
0.5731287122198829,0.4116708917394982,2
0.5422110061216114,0.3843998444912291,2
0.5372814974389808,0.3281745601711354,2
0.5723003990403873,0.383704831520579,2
0.5777085250983194,0.4360871496351428,2
0.5037507849219902,0.3500216362729772,2
0.6276532863615162,0.3468953641391741,2
0.6074606157005951,0.3559582749826628,2
0.7053070237431341,0.4099029892555061,2
0.6509487442113774,0.4317248697343149,2
0.463598414377836,0.3568135427818152,2
0.627117124584667,0.4107610542887624,2
0.5479173556598994,0.4289591821801389,2
0.5791880808066985,0.3916299009162056,2
0.6815765706013596,0.4939471292881042,2
0.6893890042420114,0.47947204267939,2
0.7753935927116978,0.4819885838417613,2
0.6184845545713429,0.454749287307607,2
0.5498283300057027,0.4264318460715989,2
0.6133310537497622,0.4245500542147329,2
0.6193267141046083,0.4118813305180575,2
0.5096736869254644,0.3407964455602877,2
0.6342493524829,0.4206596866005504,2
0.7146762384777398,0.4448431513350071,2
0.6655829967381321,0.4074780287058062,2
0.6216665009736552,0.4621616136306687,2
0.6005711349466416,0.3875252386155938,2
0.5960551232035188,0.3718656486399466,2
0.5922508804595721,0.383656290190549,2
0.5858481896450519,0.5472500451222828,2
0.6460034531618912,0.440325401696657,2
0.5968453280009454,0.4656629640393279,2
0.4470433773182388,0.2692948349034354,2
0.6952165471540266,0.4270093038389783,2
0.1867090063883018,0.2946613840318492,2
0.8325439129437592,0.5422563548078636,2
0.4468018480016021,0.3635562634625399,2
0.4831914188507484,0.3203671839263218,2
0.790634623765613,0.4563440426448711,2
0.7092321709465652,0.4354305894969975,2
0.5666356476883698,0.453702700972026,2
0.6817520873544064,0.4496307222767775,2
0.6839682441968522,0.4781197108604184,2
0.6844325647073521,0.4285191756143031,2
0.3627739127790281,0.3816336104776932,2
0.6704011816089228,0.4387921140723317,2
0.5934465030435407,0.4072982968354636,2
0.6547176936890835,0.4673942061057992,2
0.6318092368650357,0.4328456309603139,2
0.6216660581682522,0.4297507658204157,2
0.4679199880753622,0.3227457602690108,2
0.4089362447656138,0.3249363618237365,2
0.556588663246257,0.3892022053654909,2
0.5762002725345218,0.4357442426125605,2
0.6037021678536703,0.4063440939960403,2
0.0598436928830717,0.0,2
0.5615826809589924,0.3773179381731278,2
0.5283000762867316,0.4427503681562884,2
0.7910680043720568,0.4685115903896758,2
0.4765103585644817,0.3372280559975806,2
0.8237925086349276,0.5435931120255113,2
0.272330384763013,0.4507020808378388,2
0.5794273741836672,0.4326681310839402,2
0.6222806594628132,0.3828225376566005,2
0.6076011937421307,0.4086460610947788,2
0.8983648511818809,0.6287184923176408,2
0.6155585190343049,0.4205405170575051,2
0.6858757662773481,0.3155049743790105,2
0.5359322815903833,0.3417594430819419,2
0.3675919886632293,0.2590000791359146,2
0.8863698062280194,0.5638992408207767,2
0.6076040675496814,0.3608589969452711,2
0.5673681288113914,0.3106448431095198,2
0.4198133671266456,0.3784994289961154,2
0.7530945168913206,0.5107921076506261,2
0.4101357899778579,0.3727107669938245,2
0.5522754100406454,0.3280368508243549,2
0.5976063836339335,0.3916315751207385,2
0.5247915774223447,0.3528160243455118,2
0.1943755447391024,0.1335486138045084,2
0.6748136304801705,0.4697188401101597,2
0.4563060168194659,0.3166812814550751,2
0.526870022097385,0.3450483289340425,2
0.5854843528446659,0.3767224996372196,2
0.2952698447482472,0.1573110787622108,2
0.5516756851110544,0.3834217041171449,2
0.6001269362829357,0.3931994376308122,2
0.6361886622038355,0.3722499760175128,2
0.572434589748787,0.4153134298194122,2
0.4852029781362403,0.3371341859893376,2
0.6448947231759232,0.3923539472578645,2
0.3758223970213947,0.2796169488441651,2
0.720648226329734,0.5153098601127307,2
0.6443834853123094,0.40662336337569,2
0.618398221895708,0.3650741371356106,2
0.4456223346652533,0.4705783793163197,2
0.6570220683759784,0.4567530594700734,2
0.7286443313695778,0.4972716372256424,2
0.4899534994765456,0.2910470090405597,2
0.6378255669669084,0.4150145638361625,2
0.6036890001579931,0.4099588850188653,2
0.624248734051374,0.4156663892926746,2
0.7425980210928178,0.4888747184440282,2
0.5414364220130042,0.3800536210099485,2
0.3389735621703992,0.3670193440854957,2
0.8657854966310956,0.5453121883256496,2
0.6435857999840396,0.3906143460558831,2
0.602642877337983,0.2826780355247817,2
0.5426287433010863,0.3498009259295963,2
0.573882712191917,0.3567587554862994,2
0.6533525472180771,0.4036119270901039,2
0.6009128311685963,0.3847931215427731,2
0.4262709914689582,0.2797266107988714,2
0.3710567403374295,0.2831449412393959,2
0.5898181787951554,0.3881102693143384,2
0.6085212394004754,0.3911976353917924,2
0.6415680324556493,0.4099956941549426,2
0.5938580820670499,0.4217065210891264,2
0.5050413292816802,0.3334541065496166,2
0.5722919475267235,0.4693450118085842,2
0.6483177767343584,0.3313258283365795,2
0.7070439472339689,0.4544461120925486,2
0.6763774266259457,0.4995258886621404,2
0.6012766219177237,0.3841971881954066,2
0.6263521395719449,0.3854277103348331,2
0.5603100970520083,0.3471740785654001,2
0.6280537807247699,0.4368224053851495,2
0.48922804535053,0.3429697444408286,2
0.5192019791322259,0.4466179560081038,2
0.603426729083248,0.3988568902269246,2
0.6191048670639935,0.3497861974389117,2
0.4532876879955448,0.268039014177192,2
0.4946384568404663,0.3464562222315716,2
0.5994234820355209,0.3966470421988519,2
0.6477322419571172,0.3908532454577226,2
0.5736887525770813,0.3707171596205085,2
0.6554693618775423,0.3944083815290983,2
0.2891569284714694,0.1224822234618654,2
0.572578312176974,0.3825020741522471,2
0.9653070264457756,0.6917328632108662,2
0.6105477683609686,0.4063022286164649,2
0.3865182481280202,0.3799531357059815,2
0.6686528757042542,0.4633344023651185,2
0.5152447492664763,0.3870718210520507,2
0.6398979174472467,0.4389120332221859,2
0.7374936431331485,0.4398540312011678,2
0.6732269723702003,0.4609432402749289,2
0.3136494021635091,0.3093167595590032,2
0.5719033819089754,0.3496433322081604,2
0.8872485851480287,0.4642382933864132,2
0.3500890624981491,0.2110256291377915,2
0.321203838755014,0.2514316362857926,2
0.6078841169553587,0.3804070008147829,2
0.955110935770088,0.5311239803946572,2
0.4745712650392238,0.3461346776209102,2
0.5956222127096411,0.4088095922531185,2
0.5263357063507611,0.3631111100935635,2
0.7883787577087945,0.5231913806174272,2
0.9358048016640615,0.6483614275521878,2
0.7750880976532946,0.4766699347264622,2
0.6627204230915218,0.3909987974748095,2
0.6945396060055162,0.4752289319546062,2
0.4855697149806953,0.3515693660622658,2
0.5614987832842092,0.386095065592348,2
0.6028746093953217,0.3933235373561031,2
0.2190980740074612,0.2370997500579456,2
0.5568662152019582,0.4099839010754246,2
0.670239839713805,0.4163073248543076,2
0.5076375344313638,0.4113112849543379,2
0.5060933862155741,0.3813112838333463,2
0.4604845205308063,0.3782618801699496,2
0.4227820535708145,0.3317357001564873,2
0.6205466056819869,0.4602384590917842,2
0.6730861885810202,0.5184561224397508,2
0.84505964725115,0.5165779334485773,2
0.7788364508150618,0.4405156312635959,2
0.6333767964482324,0.4279770205539266,2
0.4404510071755514,0.2852541086939033,2
0.6578164534256739,0.4232569162446029,2
0.3419681425957506,0.3462451608732232,2
0.524200140473112,0.3265212483812443,2
0.5827548795120647,0.4134834310857567,2
0.4676916638051678,0.4037288257904831,2
0.5361698683021272,0.3799488477509964,2
0.5999024405360219,0.3972567885636714,2
0.6225883793345682,0.4065995009797584,2
0.6738005263263167,0.4751842335772603,2
0.4834236094683312,0.278460653995536,2
0.5434421696978375,0.3587715997761119,2
0.5615069767376805,0.3826446020515814,2
0.6812336178079736,0.4525433282455634,2
0.6936037979286127,0.3495653224848565,2
0.5126657653316401,0.3532524133699714,2
0.6736972149075344,0.3974688260992389,2
0.6579128801735135,0.4667901601593781,2
0.6830620912040374,0.4082973149385328,2
0.573048831185804,0.3736236569572891,2
0.4417957295107217,0.3194690317632871,2
0.5718964868969381,0.3907423180829242,2
0.5781831395869574,0.3540230730174912,2
0.9954074037528432,0.5421484673071845,2
0.5255294368757457,0.3339031257535755,2
0.4239200130819632,0.2637495957974775,2
0.4708565780470104,0.4170129917354176,2
0.5066095658263634,0.3924407589939401,2
0.8121232726240493,0.4682617829339285,2
0.8343659761658622,0.4858037226505006,2
0.581009698146784,0.4384673913278622,2
0.3144449989448244,0.266908227206555,2
0.7615250721312471,0.5259627310156532,2
0.6277749907678455,0.3895292735631351,2
0.602842667771116,0.5059728026644277,2
0.6266769105699207,0.3615863766723689,2
0.4968392170135637,0.3408535210709179,2
0.66453936476612,0.4945187499434079,2
0.7952378877140552,0.5453639020399991,2
0.6818025239291016,0.4598571132009902,2
0.4947270914910872,0.2776528027580506,2
0.5259288190773785,0.4702110760852611,2
0.6692237124144218,0.4585365616684593,2
0.7302940667582459,0.3800144307654226,2
0.5213163874976801,0.2868383755819025,2
0.6567912593767076,0.4272304610289538,2
0.4094411724155409,0.2524401137918264,2
0.5855212322684795,0.4081796082307774,2
0.3841233545744008,0.5478354146653294,3
0.2695986575858415,0.3745682299578668,3
0.2508033616211223,0.2898990040455507,3
0.3359379636283169,0.4333318048145618,3
0.1929674300850662,0.3234248703935858,3
0.3122772722018633,0.3804645259543149,3
0.2413560343749581,0.3166586649634534,3
0.3713140435903252,0.4288581858066503,3
0.2811884945399318,0.420425065659772,3
0.4374932442236567,0.542837427480461,3
0.4163243543890797,0.545066971675087,3
0.4322884136379217,0.6231243566188832,3
0.5328000634912398,0.6868021266989328,3
0.4781559041192421,0.5942528030887532,3
0.339171287268245,0.3997372731031841,3
0.2854245943622344,0.4619960195483496,3
0.3667323077560718,0.4953225571968397,3
0.3809287181471433,0.5150774644081335,3
0.1581015883489795,0.2386261625025333,3
0.4637217619384233,0.5521976331533577,3
0.1690619595913902,0.3293052842506493,3
0.4905620946582201,0.6168379692577726,3
0.4575757732444724,0.4863726634528936,3
0.2477325313845898,0.2724925384042768,3
0.3323724005402761,0.4015989158999682,3
0.4183339034189579,0.5453051556459373,3
0.3257804960584733,0.4348354917744097,3
0.2545689173186095,0.3580623022338784,3
0.3917434041699538,0.4155119866599245,3
0.101936292775992,0.2801699233463664,3
0.5075000482093338,0.6325902864106581,3
0.3504516096993365,0.5529591014959017,3
0.3675726596417004,0.5169163104697645,3
0.6244425729020734,0.7414061740801989,3
0.3392040825828545,0.394890705257401,3
0.6361937419808538,0.705319959905346,3
0.4111353350187517,0.5897520157400296,3
0.509416014150888,0.6130481339852747,3
0.518531953733113,0.5573384045232639,3
0.407145083484946,0.4954107701855654,3
0.5735789735710917,0.5974650547639695,3
0.5500820972977838,0.6858384156561662,3
0.2863719605450778,0.4201752014688145,3
0.3826255114860646,0.4218251184832458,3
0.3495152857757961,0.5218305820059769,3
0.3021856508448478,0.4398366993062025,3
0.6000803732490164,0.7039431908304234,3
0.1835652249901125,0.3698965773625169,3
0.4073017542167234,0.5328896228199739,3
0.182741743102585,0.2812838125584976,3
0.5064193123019655,0.561852498664136,3
0.5651721335715337,0.5413647192284523,3
0.5054171654759065,0.694858038901179,3
0.5125367261008712,0.6832758031375965,3
0.3134009211721513,0.4352431932359337,3
0.407849722151747,0.5112488099786698,3
0.5510879224178273,0.6612486058295917,3
0.4559398863522426,0.5940213476506971,3
0.6665220460899797,0.8699669268618843,3
0.4848835576280387,0.5865919991198031,3
0.5133090037150833,0.6104243062843437,3
0.3776683184703737,0.5244863294614173,3
0.4249956310300472,0.4792776533465346,3
0.4411072664290139,0.63466683919296,3
0.2244439590544521,0.3576544823898747,3
0.4619393601885602,0.5463990264352809,3
0.3165663330500787,0.4818172220276541,3
0.4030936296826707,0.5912256264999008,3
0.4757049287718591,0.6338840946054584,3
0.2496276917862692,0.4018539889481243,3
0.0725426762134448,0.1933972751693252,3
0.2584272187487765,0.3743346871296067,3
0.2793134318458051,0.4195209336827765,3
0.6479984818418958,0.7185163404633329,3
0.2128813572603079,0.2791441604854394,3
0.219319244469832,0.3512317930577232,3
0.4746256900972687,0.6260069360128926,3
0.2734119275619836,0.4031110349544615,3
0.2455392931234332,0.4060105907235579,3
0.3311592917946532,0.4808264423097526,3
0.6346956181767711,0.6354882652404207,3
0.2358820257511251,0.4438821815339956,3
0.5891358861652007,0.6568625646521786,3
0.2753292141287415,0.4167084078468022,3
0.1999009147141795,0.2499601385993061,3
0.5584448325800603,0.753440247351632,3
0.4331647925594075,0.6154028264480497,3
0.1715529909834571,0.2762626658748165,3
0.3552378594543503,0.4202563743375515,3
0.1283503793273094,0.3160706490219233,3
0.2567792311443853,0.3979055902852706,3
0.2304492174955128,0.3568669771618886,3
0.1721323953878275,0.317623614797388,3
0.3427565368046867,0.4446982427309766,3
0.2377745246547268,0.3289722066933471,3
0.3409979125766088,0.4905582936329333,3
0.3843324122833265,0.4484986821752051,3
0.5235908645730836,0.6361763706901653,3
0.4214350477750661,0.6399726243173753,3
0.3923265753822808,0.5534155588393532,3
0.4285607351808408,0.541137025991515,3
0.1724997426301762,0.3213260062566589,3
0.5110746669613166,0.5897046640803009,3
0.424702807417203,0.5772382062964321,3
0.2974748646364482,0.3708580555100655,3
0.6437288389806701,0.8420908885441292,3
0.2948446819054292,0.3784362354589345,3
0.3288156666293264,0.4294879732360914,3
0.3586264867560393,0.4571806224640056,3
0.362877972711053,0.530377848284186,3
0.4806783054729739,0.7227495066983923,3
0.5411144540690949,0.5908702669088359,3
0.2628736818176646,0.3606301095030416,3
0.4673058981511606,0.5762063767607608,3
0.2173206059951843,0.3267025056927304,3
0.3025722843259744,0.4236737676205891,3
0.3449529295377866,0.4411539205139295,3
0.3108941520273857,0.4134653687888804,3
0.6695953656093487,0.7553768905813483,3
0.4010107718874899,0.4764454644437047,3
0.4669978842258594,0.6061717391724164,3
0.147547728531337,0.2601135907557569,3
0.1766374056354705,0.2946110409041211,3
0.389217545783438,0.5347963462269655,3
0.470829547103359,0.5135849957672167,3
0.6251306319607084,0.7637909008440871,3
0.1626900428577495,0.2411039723877336,3
0.414974685569289,0.4836010430290421,3
0.4741433732290827,0.7223395698395983,3
0.5137311077262963,0.7623698231644789,3
0.3854247601289551,0.4240165724122617,3
0.4163326611363189,0.5655510920213397,3
0.3652252815690766,0.5557726170510792,3
0.3366886491198306,0.4736332562893769,3
0.504854558931566,0.6962972207102629,3
0.4406154384073442,0.5131011097239244,3
0.3211949715525607,0.505049915393895,3
0.4152410450157892,0.4567921469002461,3
0.2745743109045645,0.4531698196080812,3
0.3117915716593156,0.4560732534928036,3
0.5430514963372537,0.7317911839472999,3
0.5985600810530443,0.7747275364045572,3
0.4033079714691505,0.5151129270091547,3
0.416040621762037,0.654606927544581,3
0.4444922599323784,0.6211649993953747,3
0.3060604002311943,0.4430221266163345,3
0.4240485875312076,0.4772636345970604,3
0.3894416041671335,0.5626548836567785,3
0.3692242349211966,0.5043333362522143,3
0.3170058287182379,0.4980695966559259,3
0.6092896898574085,0.8143503782730159,3
0.3809279690191311,0.464379680156429,3
0.3652482962971358,0.5233897004243591,3
0.3402098020270074,0.5224258561931163,3
0.4289681310830688,0.5580477107901101,3
0.4194934024699647,0.593250753378681,3
0.4166449031001482,0.4560387741607714,3
0.3277042801918368,0.4293339715369244,3
0.3440678556420498,0.4762973826590904,3
0.193126361242186,0.3027675709287375,3
0.2819998616900937,0.4460567811960388,3
0.63364937506485,0.7108501525806099,3
0.2843761176757106,0.4503380235240794,3
0.4394980282714924,0.5169121746009391,3
0.132676723941058,0.2058785934595007,3
0.5432557460992541,0.667868292641638,3
0.2904438600354269,0.4438137683503308,3
0.2604844731524168,0.3697122356994904,3
0.5220015615144848,0.6391861574342044,3
0.4775102585860666,0.6063030551201167,3
0.3848493616424338,0.5396495502647685,3
0.2834167331631503,0.3954381313234474,3
0.3854408722149356,0.5321652441192879,3
0.4033136544558058,0.5067511332571865,3
0.5693227803576332,0.684863764472176,3
0.3778291904733978,0.5292300778249297,3
0.2137327611364848,0.3641988775047128,3
0.4500800216918674,0.5403316438605118,3
0.2075122958488469,0.3147678594308585,3
0.5150582171000105,0.6521695239214004,3
0.216965951467053,0.3403935842658998,3
0.4535153272065055,0.4971609374769479,3
0.4788731988379685,0.692021008149105,3
0.248052343641799,0.3599499875614891,3
0.5073288848775939,0.582622457201021,3
0.5708732912573441,0.6995595132443692,3
0.3179377496514779,0.4610541904018015,3
0.3715686996617142,0.4722809588873051,3
0.447704418728828,0.5949011662956132,3
0.3637554836439516,0.4967882269134864,3
0.3182921375208463,0.5062633662731011,3
0.5361966106389969,0.6234997961562905,3
0.3080810737106506,0.4360429839986561,3
0.3288271364269039,0.451295455500812,3
0.3539495107107296,0.4734321949770486,3
0.6373710739010081,0.7190771986102571,3
0.4376645155489676,0.5852314765642661,3
0.4706461398009435,0.604175387762922,3
0.3498953708488245,0.5300750207741443,3
0.8265466671932392,1.0,3
0.5464680230267376,0.6256816724324925,3
0.4095603501537177,0.521000227219554,3
0.2219305373168075,0.3952220869895951,3
0.1785510952769649,0.243835281683189,3
0.4309432024411658,0.50953551686568,3
0.4717692834047403,0.5732347710953214,3
0.3516577779540242,0.5470108188805367,3
0.4240433637872179,0.5670129313492054,3
0.5428845407385232,0.6996759794157043,3
0.3623429852377682,0.5113141964164832,3
0.450450369553625,0.5283130384998191,3
0.3494674267834311,0.4570939522788463,3
0.4576259486103977,0.5934616409048526,3
0.4011505605642719,0.4645654884373877,3
0.3117109693205925,0.4099476490471519,3
0.0,0.1795801131310074,3
0.5312040411008518,0.6740891632661477,3
0.325294425050656,0.4246596256602833,3
0.5202555882606164,0.6648236025565823,3
0.5553427056444193,0.6439038824789735,3
0.3916887630187028,0.5110807524806935,3
0.5384812380049667,0.6503884761978859,3
0.2821948772050271,0.4615980965627718,3
0.469675857874504,0.6430228207103519,3
0.3627976010336186,0.4268633469263906,3
0.5622848998380278,0.7237859803916148,3
0.5093059861298365,0.57258453053377,3
0.27833529066067,0.4176925251746466,3
0.0623331380579867,0.0831264387004354,3
0.5698627589485349,0.6616249432303086,3
0.3182070678329063,0.4138461573794755,3
0.2126778445520463,0.2367724202844988,3
0.3657396168186495,0.5611560708939987,3
0.4065182185135115,0.510675873044922,3
0.2731533123099788,0.412918846007109,3
0.4293786438523017,0.5588641052006709,3
0.3286609146462559,0.5118534907832293,3
0.3562015570932718,0.4986645990638702,3
0.1352035099878298,0.1886913379305548,3
0.4441854234132613,0.5520635555698273,3
0.202335411096081,0.3152343148816476,3
0.4061526547792757,0.5393913237288561,3
0.307445210004365,0.3832626296540701,3
0.1921597777337561,0.3436411781378008,3
0.4437947229526217,0.5536048794698578,3
0.2994846956686122,0.4567076334284523,3
0.4266527710314629,0.5391127330755435,3
0.3868232545968019,0.5273264208928196,3
0.4102307423088022,0.5002804191733463,3
0.3482504591931495,0.5162413223237232,3
0.3832978614890099,0.4105576148884154,3
0.2447369659133044,0.3611929108957766,3
0.4274332727579596,0.5571649834083321,3
0.2501954115559657,0.4156495228507285,3
0.4199616301001107,0.4796995185014757,3
0.1234895195640563,0.2198543738176812,3
0.1655228940584734,0.3551127739989659,3
0.3755074675513477,0.4665314383067466,3
0.4256035600339887,0.5247101107056504,3
0.5236542259354773,0.6829190856067711,3
0.0447940169417425,0.2076292443727144,3
0.3838712919189552,0.481374120474757,3
0.4256425401951189,0.5203304752925859,3
0.3227778849447391,0.462999582471266,3
0.5108169582571802,0.6739636593268915,3
0.1939011363334555,0.3548112355279223,3
0.4588727822969907,0.5468164762807375,3
0.244029785990944,0.3495264756472313,3
0.1893912253289553,0.2845505357211452,3
0.4759995529971828,0.5568612733755388,3
0.4485674414887693,0.574305071363117,3
0.296025118382421,0.389620118720643,3
0.3444808639410195,0.4740369023608318,3
0.2671483657681996,0.3791488701370452,3
0.1524988082077678,0.2834654938070953,3
0.4109563316446794,0.4258354956442956,3
0.2587106558659957,0.4007745881884306,3
0.6674211731108284,0.734447898902149,3
0.4221750505028142,0.4560143429290669,3
0.1422822363015359,0.1904598207933068,3
0.2182340369064261,0.4339440344880131,3
0.353354051008043,0.518697911226518,3
0.38995732661105,0.5051842498878129,3
0.1182228198468397,0.1816543846560611,3
0.2427431726609046,0.3477687248442712,3
0.5341082555438726,0.6993100973457317,3
0.4122496109289066,0.4937049946167711,3
0.3218364584305307,0.5294163419131469,3
0.4135013122713034,0.4696595791422827,3
0.2012869762644566,0.3177796192400118,3
0.4748581931011215,0.6272764530681179,3
0.1368668544361077,0.2354409966721509,3
0.4437634136582807,0.4860605290064441,3
0.3499524559852323,0.4843691644312172,3
0.3877792828191773,0.5705936529337549,3
0.463968831558953,0.624766638151622,3
0.1824892904475401,0.2907991963832526,3
0.526697753058165,0.663054486802309,3
0.2524887201303035,0.3655086950086573,3
0.3629792575864077,0.6109578166620286,3
0.3371408908401201,0.4606284812063501,3
0.3285014229516804,0.4950172740443493,3
0.1976458041333456,0.3042946475128427,3
0.3071885689124088,0.494888899232528,3
0.2270948322793871,0.3631668146117318,3
0.5037170481179838,0.5770716458536569,3
0.5537449150322662,0.6308433014455441,3
0.3184388384295102,0.462414136675257,3
0.4233037030916104,0.5091188523961234,3
0.1392897555175932,0.2254977773892932,3
0.4120608740803871,0.5949429880343842,3
0.1397666444359493,0.2530902347248166,3
0.3873232462445719,0.5331641017269543,3
0.1805712947765325,0.2661122621726139,3
0.1225444014794928,0.2306299472234607,3
0.5409682861659129,0.6851346948541663,3
0.5919409700164827,0.734092864564569,3
0.1762716373145323,0.3024889481859156,3
0.5165074785305077,0.5944033254497785,3
0.5111888476265395,0.6125498273703432,3
0.3387529632667478,0.4223213826442389,3
0.3534054213861591,0.4782574424987059,3
0.4223115741378124,0.5240261714256331,3
0.4540063807334681,0.5480158805384546,3
0.4486617332162055,0.5566432338407249,3
0.3074607382396213,0.4492088807540603,3
0.3797622757095504,0.4051077301552456,3
0.2746656757134593,0.4600033553021456,3
0.5442205291161754,0.7100320233333766,3
0.3135687558396924,0.3136113455183041,3
0.3448157035295535,0.5886293231275289,3
0.2324915288111423,0.3723822241998674,3
0.501098641315247,0.5885790578196399,3
