x,mean,ci_min,ci_max
0.0,0.457291939083724,0.3210000798148658,0.5935837983525838
0.1,0.45838244774114933,0.32153590542694743,0.5952289900553527
0.2,0.45947466415335714,0.32207823905667654,0.5968710892500395
0.3,0.4605685647133777,0.32262703880988364,0.5985100906168734
0.4,0.461664125898821,0.32318226291694874,0.6001459888806949
0.5,0.4627613242717571,0.3237438697326406,0.6017787788108754
0.6,0.46386013647859503,0.32431181773595374,0.6034084552212378
0.7,0.46496053924996206,0.32488606552994936,0.6050350129699762
0.8,0.46606250940058325,0.3254665718415919,0.6066584469595762
0.9,0.46716602382916084,0.3260532955215887,0.6082787521367345
1.0,0.4682710595182531,0.32664619554422847,0.6098959234922793
1.1,0.46937759353415404,0.3272452310072196,0.6115099560610899
1.2,0.470485603026773,0.32785036113152966,0.6131208449220177
1.3,0.47159506522951306,0.3284615452612233,0.6147285851978044
1.4,0.4727059574591513,0.3290787428633003,0.616333172055004
1.5,0.4738182571157179,0.32970191352753564,0.6179346007039015
1.6,0.47493194168237474,0.3303310169663175,0.6195328663984334
1.7,0.4760469887252959,0.33096601301448525,0.6211279644361081
1.8,0.4771633758935462,0.3316068616291693,0.6227198901579246
1.9,0.47828108091896065,0.3322535228896284,0.6243086389482944
2.0,0.4794000816160239,0.33290595699708936,0.6258942062349597
2.1,0.4805203558817494,0.3335641242745856,0.627476587488915
2.2,0.48164188169555905,0.3342279851667943,0.6290557782243255
2.3,0.48276463711916223,0.3348975002398774,0.6306317739984486
2.4,0.4838886002964351,0.33557263018131855,0.6322045704115531
2.5,0.48501374945329995,0.336253335799762,0.6337741631068394
2.6,0.486140062897605,0.33693957802485175,0.6353405477703598
2.7,0.48726751901900284,0.3376313179070698,0.6369037201309373
2.8,0.4883960962888306,0.33832851661757457,0.638463675960088
2.9,0.48952577325998875,0.3390311354480404,0.6400204110719385
3.0,0.49065652856682057,0.339739135810495,0.6415739213231475
3.1,0.4917883409249917,0.34045247923715916,0.6431242026128257
3.2,0.49292118913136884,0.3411711273802842,0.6446712508824548
3.3,0.49405505206390005,0.34189504201199217,0.6462150621158091
3.4,0.49518990868149304,0.3426241850241132,0.6477556323388741
3.5,0.49632573802389524,0.34335851842802434,0.6492929576197674
3.6,0.49746251921157275,0.3440980043544888,0.6508270340686579
3.7,0.49860023144558985,0.34484260505349384,0.6523578578376872
3.8,0.4997388540074882,0.34559228289409005,0.6538854251208877
3.9,0.500878366259166,0.3463470003642293,0.6554097321541044
4.0,0.5020187476427582,0.34710672007060406,0.6569307752149138
4.1,0.5031599776805143,0.34787140473848566,0.6584485506225446
4.2,0.5043020359746793,0.3486410172115628,0.659963054737797
4.3,0.5054449022073715,0.3494155204517806,0.6614742839629635
4.4,0.506588556140463,0.3501948775391789,0.6629822347417484
4.5,0.5077329776154587,0.3509790516717308,0.6644869035591878
4.6,0.5088781465533752,0.3517680061651818,0.6659882869415701
4.7,0.5100240429546209,0.3525617044528876,0.6674863814563553
4.8,0.5111706468988744,0.35336011008565416,0.6689811837120958
4.9,0.5123179385449644,0.35416318673157443,0.6704726903583557
5.0,0.5134658981307492,0.35497089817586835,0.6719608980856313
5.1,0.5146145059729955,0.3557832083207212,0.6734458036252711
5.2,0.5157637424672581,0.356600081185122,0.6749274037493955
5.3,0.516913588087759,0.35742148090470227,0.676405695270817
5.4,0.5180640233872669,0.3582473717315746,0.6778806750429601
5.5,0.5192150289969762,0.35907771803417177,0.6793523399597818
5.6,0.520366585626387,0.35991248429708433,0.680820686955691
5.7,0.5215186740631839,0.36075163512090025,0.6822857130054687
5.8,0.5226712751731148,0.3615951352220427,0.6837474151241882
5.9,0.5238243698998719,0.3624429494326098,0.6852057903671351
6.0,0.5249779392649692,0.3632950427002123,0.686660835829727
6.1,0.5261319643676226,0.3641513800878122,0.688112548647434
6.2,0.5272864263846296,0.3650119267735623,0.6895609259956981
6.3,0.5284413065702482,0.36587664805064346,0.6910059650898539
6.4,0.5295965862560759,0.3667455093271047,0.6924476631850482
6.5,0.5307522468509298,0.36761847612570075,0.6938860175761601
6.6,0.5319082698407254,0.3684955140837308,0.6953210255977208
6.7,0.5330646367883557,0.3693765889528783,0.6967526846238343
6.8,0.5342213293335715,0.3702616665990476,0.6981809920680966
6.9,0.5353783291928595,0.37115071300220415,0.6996059453835162
7.0,0.5365356181593227,0.37204369425621264,0.7010275420624339
7.1,0.5376931781025589,0.37294057656867574,0.7024457796364431
7.2,0.5388509909685403,0.37384132626077227,0.7038606556763094
7.3,0.5400090387794934,0.37474590976709654,0.7052721677918912
7.4,0.5411673036337772,0.3756542936354965,0.706680313632059
7.5,0.5423257677057636,0.37656644452691235,0.7080850908846159
7.6,0.5434844132457161,0.37748232921521563,0.7094864972762176
7.7,0.5446432225796691,0.3784019145870471,0.7108845305722922
7.8,0.5458021781093079,0.37932516764165636,0.7122791885769604
7.9,0.5469612623118468,0.38025205549073915,0.7136704691329554
8.0,0.5481204577399099,0.3811825453582779,0.7150583701215432
8.1,0.5492797470214095,0.382116604580378,0.716442889462442
8.2,0.5504391128594252,0.38305420060510853,0.7178240251137429
8.3,0.5515985380320841,0.3839953009923398,0.7192017750718295
8.4,0.5527580053924394,0.38493987341358205,0.7205761373712979
8.5,0.5539174978683501,0.3858878856518242,0.7219471100848772
8.6,0.5550769984623602,0.3868393056013725,0.7233146913233489
8.7,0.5562364902515782,0.38779410126768965,0.7246788792354675
8.8,0.5573959563875559,0.3887522407672327,0.72603967200788
8.9,0.5585553800961682,0.3897136923272916,0.7273970678650459
9.0,0.5597147446774926,0.39067842428582833,0.7287510650691578
9.1,0.5608740335056879,0.39164640509131565,0.730101661920061
9.2,0.562033230028874,0.39261760330257545,0.7314488567551735
9.3,0.563192317769011,0.3935919875886169,0.732792647949406
9.4,0.5643512803217788,0.3945695267284762,0.7341330339150824
9.5,0.5655101013564561,0.39555018961105415,0.735470013101859
9.6,0.5666687646157997,0.3965339452349552,0.7368035839966451
9.7,0.5678272539159244,0.3975207627083265,0.7381337451235231
9.8,0.5689855531461814,0.3985106112486957,0.739460495043668
9.9,0.5701436462690384,0.39950346018281013,0.7407838323552676
10.0,0.5713015173199589,0.40049927894647563,0.7421037556934431
10.1,0.5724591504072807,0.40149803708439435,0.7434202637301682
10.2,0.5736165297120964,0.40249970425000414,0.7447333551741897
10.3,0.5747736394881318,0.4035042502053171,0.7460430287709474
10.4,0.5759304640616255,0.40451164482075785,0.7473492833024942
10.5,0.5770869878312085,0.4055218580750022,0.7486521175874157
10.6,0.5782431952677831,0.4065348600548163,0.7499515304807509
10.7,0.5793990709144026,0.4075506209548948,0.7512475208739116
10.8,0.5805545993861505,0.40856911107769933,0.7525400876946025
10.9,0.5817097653700194,0.40959030083329784,0.7538292299067417
11.0,0.5828645536247911,0.41061416073920254,0.7551149465103806
11.1,0.5840189489809153,0.4116406614202086,0.7563972365416229
11.2,0.5851729363403895,0.4126697736082334,0.7576760990725465
11.3,0.5863265006766375,0.41370146814215447,0.7589515332111215
11.4,0.5874796270343896,0.41473571596764824,0.7602235381011317
11.5,0.5886323005295611,0.41577248813702916,0.761492112922094
11.6,0.5897845063491324,0.4168117558090876,0.7627572568891781
11.7,0.5909362297510279,0.41785349024892915,0.7640189692531276
11.8,0.5920874560639955,0.41889766282781293,0.765277249300179
11.9,0.5932381706874855,0.41994424502298994,0.7665320963519819
12.0,0.5943883590915306,0.4209932084175426,0.7677835097655196
12.1,0.5955380068166247,0.4220445247002222,0.7690314889330281
12.2,0.5966870994736023,0.4230981656652885,0.7702760332819171
12.3,0.5978356227435182,0.42415410321234787,0.7715171422746896
12.4,0.5989835623775264,0.42521230934619186,0.7727548154088619
12.5,0.6001309041967595,0.42627275617663624,0.7739890522168837
12.6,0.6012776340922082,0.42733541591835933,0.775219852266058
12.7,0.6024237380246005,0.4284002608907406,0.7764472151584612
12.8,0.603569202024281,0.42946726351769976,0.7776711405308632
12.9,0.6047140121910903,0.43053639632753454,0.7788916280546471
13.0,0.6058581546942444,0.43160763195276,0.7801086774357298
13.1,0.6070016157722138,0.4326809431299471,0.7813222884144813
13.2,0.6081443817326029,0.4337563026995612,0.7825324607656454
13.3,0.6092864389520295,0.43483368360580055,0.7837391942982593
13.4,0.610427773876004,0.4359130588964351,0.7849424888555736
13.5,0.6115683730188084,0.4369944017226453,0.7861423443149724
13.6,0.6127082229633765,0.43807768533886027,0.7873387605878938
13.7,0.6138473103611723,0.4391628831025968,0.7885317376197487
13.8,0.6149856219320697,0.440249968474298,0.7897212753898424
13.9,0.616123144464232,0.4413389150171716,0.7909073739112933
14.0,0.6172598648139909,0.442429696397029,0.7920900332309535
14.1,0.6183957699057258,0.4435222863821236,0.7932692534293289
14.2,0.6195308467317436,0.4446166588429894,0.7944450346204988
14.3,0.6206650823521578,0.44571278775228,0.7956173769520363
14.4,0.6217984638947672,0.4468106471846069,0.7967862806049285
14.5,0.6229309785549365,0.4479102113163781,0.7979517457934957
14.6,0.6240626135954741,0.449011454425637,0.7991137727653123
14.7,0.6251933563465131,0.4501143508919008,0.800272361801126
14.8,0.6263231942053888,0.4512188751959994,0.8014275132147791
14.9,0.6274521146365195,0.45232500191991354,0.8025792273531266
15.0,0.6285801051712856,0.4534327057466139,0.8037275045959582
15.1,0.6297071534079077,0.45454196145989967,0.8048723453559168
15.2,0.6308332470113278,0.45565274394423694,0.8060137500784197
15.3,0.6319583737130872,0.45676502818459763,0.8071517192415775
15.4,0.633082521311206,0.45787878926629777,0.8082862533561149
15.5,0.6342056776700631,0.45899400237483645,0.8094173529652907
15.6,0.6353278307202753,0.4601106427957342,0.8105450186448172
15.7,0.636448968458576,0.46122868591437205,0.8116692510027809
15.8,0.6375690789476955,0.4623481072158297,0.8127900506795622
15.9,0.6386881503162394,0.46346888228472416,0.8139074183477554
16.0,0.6398061707585683,0.4645909868050487,0.8150213547120886
16.1,0.6409231285346775,0.46571439656001135,0.8161318605093444
16.2,0.6420390119700756,0.4668390874318734,0.8172389365082788
16.3,0.6431538094556648,0.46796503540178813,0.8183425835095424
16.4,0.6442675094476191,0.4690922165496397,0.8194428023455992
16.5,0.6453801004672641,0.4702206070538812,0.8205395938806479
16.6,0.6464915711009569,0.4713501831913738,0.8216329590105409
16.7,0.6476019099999645,0.472480921337225,0.8227228986627046
16.8,0.6487111058803435,0.47361279796462785,0.8238094137960601
16.9,0.6498191475228199,0.4747457896446986,0.8248925054009419
17.0,0.6509260237726675,0.4758798730463165,0.8259721744990193
17.1,0.6520317235395878,0.47701502493596143,0.8270484221432152
17.2,0.6531362357975896,0.4781512221775532,0.8281212494176269
17.3,0.6542395495848674,0.47928844173228974,0.8291906574374459
17.4,0.6553416540036818,0.48042666065848616,0.8302566473488783
17.5,0.6564425382202379,0.481565856111413,0.8313192203290638
17.6,0.6575421914645654,0.48270600534313485,0.8323783775859966
17.7,0.6586406030303971,0.4838470857023495,0.8334341203584454
17.8,0.6597377622750491,0.484989074634226,0.8344864499158728
17.9,0.6608336586192994,0.4861319496802434,0.8355353675583562
18.0,0.6619282815472679,0.48727568847802977,0.8365808746165068
18.1,0.6630216206062951,0.48842026876120037,0.8376229724513904
18.2,0.6641136654068213,0.4895656683591963,0.838661662454447
18.3,0.6652044056222672,0.4907118651971236,0.8396969460474114
18.4,0.6662938309889116,0.49185883729559154,0.8407288246822324
18.5,0.6673819313057716,0.49300656277055105,0.8417572998409931
18.6,0.6684686964344824,0.4941550198331337,0.8427823730358317
18.7,0.6695541162991747,0.49530418678949023,0.8438040458088598
18.8,0.6706381808863566,0.49645404204062943,0.8448223197320845
18.9,0.6717208802447909,0.49760456408225584,0.8458371964073267
19.0,0.6728022044853756,0.4987557315046099,0.8468486774661421
19.1,0.6738821437810226,0.49990752299230506,0.847856764569741
19.2,0.6749606883665371,0.5010599173241672,0.8488614594089077
19.3,0.6760378285384974,0.5022128933730738,0.8498627637039219
19.4,0.6771135546551335,0.5033664301057907,0.8508606792044769
19.5,0.678187857136207,0.5045205065828133,0.8518552076896015
19.6,0.6792607264628904,0.5056751019582029,0.8528463509675787
19.7,0.6803321531776458,0.5068301954794265,0.8538341108758658
19.8,0.6814021278841049,0.5079857664871955,0.8548184892810151
19.9,0.6824706412469482,0.5091417944153036,0.8557994880785937
20.0,0.6835376839917844,0.5102982587904663,0.8567771091931032
20.1,0.6846032469050289,0.5114551392321588,0.8577513545778996
20.2,0.6856673208337842,0.512612415452455,0.8587222262151143
20.3,0.686729896685719,0.5137700672558662,0.8596897261155727
20.4,0.6877909654289469,0.5149280745391793,0.8606538563187152
20.5,0.6888505180919063,0.5160864172912962,0.8616146188925172
20.6,0.6899085457632397,0.5172450755930714,0.8625720159334087
20.7,0.6909650395916727,0.5184040296171518,0.8635260495661943
20.8,0.6920199907858936,0.5195632596278142,0.8644767219439737
20.9,0.6930733906144327,0.5207227459808047,0.8654240352480616
21.0,0.6941252304055416,0.521882469123177,0.8663679916879069
21.1,0.6951755015470723,0.5230424095931314,0.867308593501014
21.2,0.6962241954863568,0.5242025480198527,0.8682458429528618
21.3,0.6972713037300865,0.5253628651233494,0.8691797423368243
21.4,0.6983168178441912,0.5265233417142927,0.8701102939740903
21.5,0.6993607294537185,0.5276839586938541,0.8710375002135837
21.6,0.7004030302427136,0.5288446970535448,0.8719613634318832
21.7,0.7014437119540978,0.5300055378750538,0.8728818860331427
21.8,0.7024827663895485,0.5311664623300876,0.8737990704490105
21.9,0.7035201854093784,0.532327451680207,0.8747129191385506
22.0,0.7045559609324146,0.5334884872766679,0.8756234345881617
22.1,0.7055900849358776,0.5346495505602582,0.8765306193114977
22.2,0.7066225494552618,0.535810623061137,0.8774344758493873
22.3,0.7076533465842139,0.5369716863986738,0.8783350067697544
22.4,0.7086824684744117,0.5381327222812862,0.8792322146675381
22.5,0.7097099073354455,0.5392937125062791,0.8801261021646125
22.6,0.7107356554346947,0.5404546389596833,0.881016671909707
22.7,0.7117597050972093,0.5416154836160937,0.8819039265783257
22.8,0.7127820487055883,0.5427762285385087,0.8827878688726685
22.9,0.7138026786998588,0.5439368558781683,0.88366850152155
23.0,0.7148215875773558,0.5450973478743923,0.88454582728032
23.1,0.7158387678926019,0.5462576868544204,0.885419848930784
23.2,0.7168542122571853,0.5474178552332489,0.8862905692811222
23.3,0.7178679133396404,0.5485778355134712,0.8871579911658102
23.4,0.7188798638653265,0.5497376102851148,0.888022117445539
23.5,0.7198900566163078,0.550897162225481,0.888882951007135
23.6,0.7208984844312312,0.5520564740989837,0.8897404947634795
23.7,0.7219051402052077,0.5532155287569864,0.8905947516534295
23.8,0.7229100168896898,0.5543743091376432,0.891445724641737
23.9,0.7239131074923522,0.5555327982657354,0.8922934167189696
24.0,0.7249144050769705,0.5566909792525114,0.8931378309014303
24.1,0.7259139027633006,0.5578488352955245,0.8939789702310773
24.2,0.726911593726958,0.5590063496784723,0.8948168377754444
24.3,0.7279074711992973,0.5601635057710346,0.8956514366275607
24.4,0.7289015284672913,0.5613202870287125,0.8964827699058708
24.5,0.7298937588734106,0.5624766769926669,0.8973108407541549
24.6,0.7308841558155024,0.5636326592895573,0.8981356523414483
24.7,0.7318727127466707,0.5647882176313799,0.8989572078619622
24.8,0.7328594231751546,0.565943335815307,0.8997755105350029
24.9,0.7338442806642085,0.5670979977235248,0.9005905636048929
25.0,0.7348272788319808,0.5682521873230728,0.9014023703408894
25.1,0.7358084113513936,0.5694058886656821,0.902210934037106
25.2,0.7367876719500221,0.570559085887614,0.9030162580124311
25.3,0.7377650544099734,0.5717117632094981,0.9038183456104493
25.4,0.7387405525677662,0.5728639049361723,0.9046172001993606
25.5,0.7397141603142101,0.5740154954565204,0.9054128251719006
25.6,0.7406858715942852,0.5751665192433106,0.9062052239452606
25.7,0.7416556804070209,0.5763169608530347,0.9069943999610076
25.8,0.7426235808053752,0.5774668049257468,0.9077803566850042
25.9,0.7435895668961146,0.5786160361849011,0.9085630976073289
26.0,0.7445536328396931,0.5797646394371914,0.9093426262421956
26.1,0.7455157728501315,0.5809125995723894,0.9101189461278744
26.2,0.7464759811948967,0.5820599015631833,0.9108920608266107
26.3,0.7474342521947808,0.5832065304650165,0.9116619739245458
26.4,0.7483905802237814,0.5843524714159263,0.9124286890316372
26.5,0.7493449597089794,0.585497709636382,0.9131922097815776
26.6,0.7502973851304201,0.5866422304291248,0.913952539831716
26.7,0.7512478510209903,0.5877860191790045,0.9147096828629768
26.8,0.7521963519663003,0.5889290613528204,0.9154636425797809
26.9,0.7531428826045607,0.5900713424991577,0.9162144227099644
27.0,0.7540874376264637,0.5912128482482282,0.9169620270046999
27.1,0.7550300117750609,0.592353564311707,0.9177064592384154
27.2,0.7559705998456436,0.5934934764825726,0.9184477232087151
27.3,0.7569091966856218,0.5946325706349451,0.9191858227362993
27.4,0.7578457971944036,0.5957708327239241,0.9199207616648838
27.5,0.7587803963232744,0.5969082487854287,0.9206525438611209
27.6,0.7597129890752765,0.598044804936035,0.9213811732145187
27.7,0.7606435705050877,0.5991804873728148,0.9221066536373612
27.8,0.7615721357189018,0.6003152823731754,0.9228289890646287
27.9,0.7624986798743065,0.6014491762946967,0.9235481834539172
28.0,0.7634231981801646,0.6025821555749706,0.9242642407853592
28.1,0.7643456858964911,0.60371420673144,0.9249771650615428
28.2,0.7652661383343342,0.6048453163612362,0.9256869603074328
28.3,0.766184550855654,0.605975471141019,0.9263936305702898
28.4,0.7671009188732019,0.6071046578268142,0.9270971799195902
28.5,0.7680152378504,0.6082328632538533,0.9277976124469474
28.6,0.7689275033012201,0.6093600743364107,0.9284949322660302
28.7,0.7698377107900634,0.6104862780676434,0.929189143512484
28.8,0.7707458559316398,0.6116114615194298,0.9298802503438504
28.9,0.7716519343908469,0.6127356118422074,0.9305682569394871
29.0,0.7725559418826498,0.6138587162648121,0.931253167500488
29.1,0.77345787417196,0.614980762094317,0.9319349862496036
29.2,0.7743577270735147,0.6161017367158699,0.9326137174311603
29.3,0.7752554964517568,0.6172216275925333,0.9332893653109811
29.4,0.7761511782207136,0.6183404222651226,0.9339619341763049
29.5,0.7770447683438757,0.6194581083520444,0.9346314283357077
29.6,0.7779362628340776,0.620574673549135,0.935297852119021
29.7,0.778825657753376,0.6216901056294996,0.9359612098772532
29.8,0.7797129492129296,0.6228043924433507,0.9366215059825089
29.9,0.7805981333728779,0.6239175219178472,0.9372787448279092
30.0,0.7814812064422213,0.6250294820569318,0.9379329308275116
30.1,0.7823621646787,0.6261402609411706,0.9385840684162301
30.2,0.7832410043886728,0.6272498467275913,0.9392321620497549
30.3,0.7841177219269978,0.6283582276495232,0.9398772162044731
30.4,0.7849923136969099,0.6294653920164328,0.9405192353773878
30.5,0.7858647761499022,0.6305713282137662,0.9411582240860391
30.6,0.7867351057856036,0.6316760247027844,0.9417941868684234
30.7,0.7876032991516584,0.6327794700204039,0.9424271282829135
30.8,0.788469352843607,0.6338816527790354,0.9430570529081792
30.9,0.7893332635047632,0.6349825616664206,0.9436839653431063
31.0,0.7901950278260952,0.6360821854454735,0.9443078702067177
31.1,0.791054642546104,0.6371805129541162,0.9449287721380927
31.2,0.7919121044507031,0.6382775331051197,0.9455466757962873
31.3,0.7927674103730976,0.6393732348859418,0.946161585860254
31.4,0.7936205571936635,0.6404676073585656,0.9467735070287623
31.5,0.7944715418398277,0.641560639659338,0.947382444020318
31.6,0.7953203612859461,0.6426523209988086,0.947988401573084
31.7,0.7961670125531839,0.6437426406615689,0.9485913844447994
31.8,0.7970114927093948,0.6448315880060894,0.9491913974127006
31.9,0.7978537988689999,0.6459191524645598,0.9497884452734406
32.0,0.7986939281928674,0.6470053235427267,0.9503825328430089
32.1,0.799531877888192,0.6480900908197327,0.950973664956652
32.2,0.8003676452083737,0.6491734439479546,0.9515618464687933
32.3,0.8012012274528973,0.6502553726528426,0.9521470822529529
32.4,0.8020326219672127,0.6513358667327585,0.9527293772016677
32.5,0.8028618261426125,0.6524149160588141,0.9533087362264117
32.6,0.8036888374161127,0.6534925105747107,0.9538851642575155
32.7,0.8045136532703314,0.6545686402965769,0.9544586662440867
32.8,0.8053362712333685,0.6556432953128077,0.9550292471539299
32.9,0.8061566888786844,0.6567164657839029,0.9555969119734666
33.0,0.8069749038249802,0.6577881419423057,0.9561616657076553
33.1,0.807790913736076,0.6588583140922416,0.9567235133799111
33.2,0.8086047163207915,0.6599269726095569,0.9572824600320268
33.3,0.8094163093328239,0.660994107941557,0.9578385107240915
33.4,0.8102256905706284,0.6620597106068458,0.9583916705344118
33.5,0.8110328578772967,0.6631237711951633,0.9589419445594308
33.6,0.811837809140437,0.6641862803672254,0.9594893379136494
33.7,0.812640542292053,0.6652472288545614,0.9600338557295451
33.8,0.8134410553084226,0.6663066074593536,0.9605755031574924
33.9,0.8142393462099788,0.667364407054275,0.9611142853656833
34.0,0.8150354130611874,0.6684206185823289,0.9616502075400466
34.1,0.8158292539704273,0.6694752330566869,0.9621832748841683
34.2,0.8166208670898693,0.6705282415605274,0.9627134926192118
34.3,0.8174102506153559,0.671579635246875,0.9632408659838374
34.4,0.8181974027862802,0.6726294053384383,0.9637654002341227
34.5,0.8189823218854654,0.6736775431274491,0.9642871006434824
34.6,0.8197650062390442,0.6747240399755005,0.9648059725025888
34.7,0.8205454542163382,0.6757688873133861,0.965322021119291
34.8,0.8213236642297367,0.6768120766409385,0.9658352518185356
34.9,0.8220996347345767,0.6778535995268675,0.9663456699422864
35.0,0.8228733642290217,0.6788934476085992,0.9668532808494448
35.1,0.8236448512539414,0.6799316125921144,0.967358089915769
35.2,0.8244140943927909,0.6809680862517875,0.967860102533795
35.3,0.8251810922714898,0.6820028604302246,0.9683593241127557
35.4,0.825945843558302,0.6830359270381028,0.9688557600785018
35.5,0.8267083469637145,0.6840672780540084,0.9693494158734214
35.6,0.8274686012403172,0.6850969055242754,0.9698402969563595
35.7,0.8282266051826817,0.6861248015628246,0.9703284088025392
35.8,0.8289823576272409,0.6871509583510022,0.9708137569034805
35.9,0.8297358574521689,0.6881753681374175,0.971296346766921
36.0,0.8304871035772593,0.6891980232377832,0.971776183916736
36.1,0.8312360949638049,0.6902189160347524,0.9722532738928581
36.2,0.8319828306144775,0.6912380389777582,0.9727276222511975
36.3,0.8327273095732064,0.6922553845828519,0.9731992345635617
36.4,0.8334695309250586,0.693270945432542,0.973668116417576
36.5,0.8342094937961175,0.6942847141756324,0.9741342734166033
36.6,0.8349471973533624,0.6952966835270615,0.9745977111796639
36.7,0.8356826408045478,0.6963068462677404,0.9750584353413558
36.8,0.8364158233980827,0.6973151952443916,0.9755164515517746
36.9,0.8371467444229104,0.698321723369388,0.9759717654764335
37.0,0.8378754032083869,0.6993264236205913,0.9764243827961834
37.1,0.8386017991241612,0.7003292890411903,0.9768743092071328
37.2,0.8393259315800536,0.7013303127395399,0.9773215504205681
37.3,0.8400478000259363,0.7023294878890001,0.977766112162873
37.4,0.8407674039516112,0.7033268077277737,0.9782080001754495
37.5,0.8414847428866908,0.7043222655587457,0.9786472202146367
37.6,0.8421998164004765,0.7053158547493216,0.9790837780516319
37.7,0.8429126241018378,0.7063075687312661,0.9795176794724102
37.8,0.8436231656390925,0.7072974010005415,0.9799489302776441
37.9,0.8443314406998853,0.7082853451171471,0.9803775362826241
38.0,0.8450374490110676,0.7092713947049569,0.9808035033171789
38.1,0.8457411903385763,0.7102555434515587,0.9812268372255946
38.2,0.8464426644873135,0.7112377851080927,0.9816475438665351
38.3,0.8471418713010258,0.7122181134890899,0.9820656291129625
38.4,0.8478388106621836,0.7131965224723112,0.9824810988520566
38.5,0.8485334824918603,0.7141730059985858,0.9828939589851354
38.6,0.8492258867496116,0.7151475580716493,0.9833042154275744
38.7,0.8499160234333552,0.7161201727579835,0.9837118741087274
38.8,0.8506038925792494,0.7170908441866535,0.9841169409718459
38.9,0.8512894942615736,0.7180595665491482,0.9845194219739997
39.0,0.8519728285926063,0.7190263340992169,0.9849193230859963
39.1,0.8526538957225052,0.7199911411527098,0.9853166502923013
39.2,0.8533326958391866,0.7209539820874153,0.9857114095909585
39.3,0.854009229168204,0.721914851342899,0.9861036069935095
39.4,0.8546834959726284,0.722873743420343,0.9864932485249144
39.5,0.8553554965529268,0.7238306528823834,0.9868803402234708
39.6,0.8560252312468419,0.7247855743529497,0.9872648881407349
39.7,0.8566927004292717,0.7257385025171034,0.9876468983414408
39.8,0.857357904512148,0.7266894321208761,0.9880263769034207
39.9,0.8580208439443168,0.7276383579711091,0.9884033299175251
40.0,0.8586815192114163,0.7285852749352907,0.9887777634875428
40.1,0.8593399308357579,0.7295301779413961,0.9891496837301202
40.2,0.8599960793762037,0.7304730619777252,0.9895190967746829
40.3,0.8606499654280474,0.7314139220927418,0.9898860087633536
40.4,0.8613015896228926,0.7323527533949116,0.9902504258508742
40.5,0.8619509526285326,0.7332895510525416,0.9906123542045244
40.6,0.8625980551488297,0.7342243102936179,0.9909718000040422
40.7,0.8632428979235942,0.7351570264056451,0.991328769441544
40.8,0.8638854817284641,0.7360876947354844,0.9916832687214445
40.9,0.8645258073747842,0.7370163106891925,0.9920353040603767
41.0,0.8651638757094857,0.73794286973186,0.9923848816871119
41.1,0.865799687614965,0.7388673673874504,0.9927320078424801
41.2,0.8664332440089635,0.7397897992386384,0.9930766887792892
41.3,0.8670645458444469,0.7407101609266487,0.9934189307622459
41.4,0.8676935941094843,0.7416284481510943,0.9937587400678749
41.5,0.8683203898271276,0.7425446566698158,0.99409612298444
41.6,0.8689449340552908,0.7434587822987195,0.9944310858118628
41.7,0.8695672278866295,0.7443708209116162,0.9947636348616437
41.8,0.8701872724484201,0.7452807684400594,0.9950937764567815
41.9,0.870805068902439,0.746188620873185,0.9954215169316937
42.0,0.8714206184448422,0.747094374257549,0.9957468626321361
42.1,0.8720339223060443,0.7479980246969661,0.9960698199151231
42.2,0.872644981750598,0.748899568352349,0.9963903951488478
42.3,0.8732537980770736,0.7497990014415465,0.9967085947126015
42.4,0.8738603726179381,0.7506963202391823,0.9970244249966946
42.5,0.8744647067394345,0.7515915210764939,0.9973378924023759
42.6,0.8750668018414612,0.7524846003411704,0.9976490033417529
42.7,0.8756666593574514,0.7533755544771921,0.9979577642377114
42.8,0.8762642807542521,0.7542643799846686,0.9982641815238363
42.9,0.8768596675320041,0.7551510734196776,0.9985682616443312
43.0,0.8774528212240205,0.7560356313941036,0.998870011053938
43.1,0.8780437433966666,0.7569180505754761,0.9991694362178576
43.2,0.878632435649239,0.7577983276868088,0.9994665436116696
43.3,0.8792188996138448,0.7586764595064378,0.9997613397212525
43.4,0.8798031369552817,0.7595524428678607,1.0
43.5,0.8803851493709159,0.7604262746595747,1.0
43.6,0.880964938590563,0.7612979518249156,1.0
43.7,0.8815425063763659,0.762167471361896,1.0
43.8,0.8821178545226751,0.7630348303230445,1.0
43.9,0.8826909848559279,0.7639000258152443,1.0
44.0,0.8832618992345272,0.7647630549995713,1.0
44.1,0.8838305995487215,0.765623915091133,1.0
44.2,0.8843970877204834,0.7664826033589073,1.0
44.3,0.8849613657033899,0.7673391171255808,1.0
44.4,0.8855234354825012,0.768193453767388,1.0
44.5,0.8860832990742398,0.7690456107139493,1.0
44.6,0.88664095852627,0.7698955854481099,1.0
44.7,0.887196415917378,0.7707433755057784,1.0
44.8,0.8877496733573496,0.7715889784757656,1.0
44.9,0.8883007329868511,0.772432391999623,1.0
45.0,0.8888495969773079,0.7732736137714811,1.0
45.1,0.8893962675307838,0.7741126415378887,1.0
45.2,0.8899407468798606,0.774949473097651,1.0
45.3,0.8904830372875168,0.7757841063016686,1.0
45.4,0.8910231410470079,0.776616539052776,1.0
45.5,0.891561060481745,0.7774467693055795,1.0
45.6,0.8920967979451745,0.7782747950662974,1.0
45.7,0.892630355820657,0.7791006143925973,1.0
45.8,0.8931617365213469,0.7799242253934351,1.0
45.9,0.893690942490072,0.780745626228894,1.0
46.0,0.8942179761992123,0.7815648151100226,1.0
46.1,0.8947428401505796,0.7823817902986739,1.0
46.2,0.8952655368752968,0.7831965501073438,1.0
46.3,0.8957860689336772,0.7840090928990096,1.0
46.4,0.8963044389151037,0.7848194170869689,1.0
46.5,0.8968206494379086,0.7856275211346779,1.0
46.6,0.8973347031492525,0.7864334035555907,1.0
46.7,0.8978466027250032,0.7872370629129969,1.0
46.8,0.8983563508696161,0.788038497819861,1.0
46.9,0.8988639503160127,0.7888377069386611,1.0
47.0,0.8993694038254605,0.7896346889812267,1.0
47.1,0.8998727141874515,0.7904294427085785,1.0
47.2,0.9003738842195824,0.7912219669307659,1.0
47.3,0.9008729167674334,0.7920122605067065,1.0
47.4,0.9013698147044478,0.7928003223440243,1.0
47.5,0.901864580931811,0.7935861513988882,1.0
47.6,0.9023572183783302,0.7943697466758513,1.0
47.7,0.9028477300003136,0.7951511072276884,1.0
47.8,0.9033361187814494,0.7959302321552361,1.0
47.9,0.9038223877326858,0.79670712060723,1.0
48.0,0.9043065398921095,0.7974817717801443,1.0
48.1,0.904788578324826,0.7982541849180302,1.0
48.2,0.9052685061228377,0.799024359312354,1.0
48.3,0.9057463264049244,0.7997922943018367,1.0
48.4,0.9062220423165219,0.8005579892722916,1.0
48.5,0.9066956570296018,0.8013214436564638,1.0
48.6,0.9071671737425502,0.8020826569338686,1.0
48.7,0.9076365956800477,0.8028416286306292,1.0
48.8,0.9081039260929484,0.803598358319317,1.0
48.9,0.908569168258159,0.804352845618789,1.0
49.0,0.9090323254785186,0.8051050901940268,1.0
49.1,0.909493401082678,0.8058550917559754,1.0
49.2,0.9099523984249782,0.8066028500613811,1.0
49.3,0.9104093208853309,0.8073483649126314,1.0
49.4,0.9108641718690971,0.8080916361575926,1.0
49.5,0.9113169548069665,0.8088326636894487,1.0
49.6,0.9117676731548372,0.8095714474465402,1.0
49.7,0.9122163303936943,0.8103079874122024,1.0
49.8,0.9126629300294901,0.8110422836146046,1.0
49.9,0.9131074755930227,0.8117743361265881,1.0
50.0,0.913549970639816,0.8125041450655052,1.0
50.1,0.9139904187499982,0.8132317105930577,1.0
50.2,0.9144288235281818,0.8139570329151357,1.0
50.3,0.9148651886033425,0.8146801122816558,1.0
50.4,0.9152995176286992,0.8154009489864005,1.0
50.5,0.9157318142815922,0.8161195433668561,1.0
50.6,0.9161620822633638,0.8168358958040515,1.0
50.7,0.9165903252992365,0.8175500067223971,1.0
50.8,0.9170165471381928,0.8182618765895232,1.0
50.9,0.9174407515528552,0.8189715059161189,1.0
51.0,0.917862942339364,0.8196788952557701,1.0
51.1,0.9182831233172583,0.8203840452047989,1.0
51.2,0.9187012983293538,0.8210869564021018,1.0
51.3,0.9191174712416231,0.8217876295289884,1.0
51.4,0.9195316459430752,0.8224860653090202,1.0
51.5,0.9199438263456338,0.8231822645078489,1.0
51.6,0.9203540163840173,0.8238762279330551,1.0
51.7,0.9207622200156184,0.8245679564339875,1.0
51.8,0.9211684412203827,0.8252574509016007,1.0
51.9,0.9215726840006885,0.8259447122682944,1.0
52.0,0.9219749523812262,0.8266297415077516,1.0
52.1,0.9223752504088772,0.8273125396347778,1.0
52.2,0.9227735821525935,0.8279931077051391,1.0
52.3,0.9231699517032772,0.8286714468154013,1.0
52.4,0.9235643631736592,0.8293475581027678,1.0
52.5,0.9239568206981792,0.8300214427449192,1.0
52.6,0.9243473284328649,0.830693101959851,1.0
52.7,0.9247358905552111,0.8313625370057132,1.0
52.8,0.9251225112640588,0.8320297491806478,1.0
52.9,0.9255071947794751,0.8326947398226285,1.0
53.0,0.9258899453426324,0.8333575103092986,1.0
53.1,0.9262707672156874,0.8340180620578102,1.0
53.2,0.9266496646816604,0.834676396524662,1.0
53.3,0.9270266420443154,0.8353325152055389,1.0
53.4,0.9274017036280382,0.8359864196351501,1.0
53.5,0.927774853777717,0.8366381113870677,1.0
53.6,0.9281460968586206,0.8372875920735657,1.0
53.7,0.9285154372562786,0.8379348633454582,1.0
53.8,0.9288828793763602,0.838579926891938,1.0
53.9,0.9292484276445535,0.8392227844404161,1.0
54.0,0.9296120865064453,0.839863437756359,1.0
54.1,0.9299738604274002,0.8405018886431282,1.0
54.2,0.9303337538924396,0.8411381389418192,1.0
54.3,0.9306917714061211,0.8417721905310986,1.0
54.4,0.9310479174924187,0.8424040453270446,1.0
54.5,0.9314021966946007,0.8430337052829842,1.0
54.6,0.9317546135751102,0.8436611723893325,1.0
54.7,0.9321051727154438,0.8442864486734314,1.0
54.8,0.9324538787160311,0.8449095361993877,1.0
54.9,0.9328007361961141,0.8455304370679123,1.0
55.0,0.9331457497936265,0.8461491534161587,1.0
55.1,0.9334889241650729,0.8467656874175613,1.0
55.2,0.933830263985408,0.8473800412816743,1.0
55.3,0.9341697739479166,0.8479922172540104,1.0
55.4,0.934507458764092,0.8486022176158792,1.0
55.5,0.9348433231635161,0.8492100446842261,1.0
55.6,0.9351773718937383,0.8498157008114708,1.0
55.7,0.9355096097201546,0.8504191883853456,1.0
55.8,0.9358400414258878,0.8510205098287348,1.0
55.9,0.9361686718116661,0.8516196675995127,1.0
56.0,0.9364955056957023,0.8522166641903822,1.0
56.1,0.9368205479135737,0.852811502128714,1.0
56.2,0.9371438033181011,0.8534041839763848,1.0
56.3,0.9374652767792282,0.8539947123296159,1.0
56.4,0.937784973183901,0.8545830898188119,1.0
56.5,0.9381028974359467,0.8551693191083996,1.0
56.6,0.9384190544559535,0.855753402896666,1.0
56.7,0.93873344918115,0.8563353439155981,1.0
56.8,0.9390460865652839,0.8569151449307197,1.0
56.9,0.9393569715785022,0.8574928087409324,1.0
57.0,0.9396661092072296,0.8580683381783516,1.0
57.1,0.9399735044540485,0.8586417361081474,1.0
57.2,0.9402791623375779,0.8592130054283821,1.0
57.3,0.9405830878923533,0.8597821490698486,1.0
57.4,0.9408852861687054,0.8603491699959102,1.0
57.5,0.9411857622326395,0.8609140712023376,1.0
57.6,0.9414845211657152,0.8614768557171494,1.0
57.7,0.9417815680649257,0.8620375266004491,1.0
57.8,0.9420769080425767,0.8625960869442645,1.0
57.9,0.9423705462261658,0.8631525398723863,1.0
58.0,0.9426624877582624,0.8637068885402066,1.0
58.1,0.9429527377963864,0.8642591361345578,1.0
58.2,0.9432413015128877,0.8648092858735508,1.0
58.3,0.9435281840948256,0.8653573410064137,1.0
58.4,0.9438133907438484,0.865903304813331,1.0
58.5,0.9440969266760718,0.8664471806052816,1.0
58.6,0.9443787971219593,0.8669889717238775,1.0
58.7,0.944659007326201,0.8675286815412028,1.0
58.8,0.944937562547593,0.8680663134596519,1.0
58.9,0.9452144680589165,0.8686018709117685,1.0
59.0,0.9454897291468176,0.8691353573600843,1.0
59.1,0.9457633511116863,0.8696667762969568,1.0
59.2,0.9460353392675358,0.870196131244409,1.0
59.3,0.9463056989418819,0.8707234257539673,1.0
59.4,0.9465744354756225,0.8712486634065009,1.0
59.5,0.9468415542229166,0.8717718478120593,1.0
59.6,0.9471070605510639,0.8722929826097118,1.0
59.7,0.947370959840384,0.872812071467386,1.0
59.8,0.9476332574840957,0.8733291180817063,1.0
59.9,0.9478939588881963,0.8738441261778326,1.0
60.0,0.948153069471341,0.8743570995092985,1.0
60.1,0.9484105946647226,0.8748680418578509,1.0
60.2,0.9486665399119496,0.8753769570332877,1.0
60.3,0.9489209106689273,0.8758838488732967,1.0
60.4,0.9491737124037355,0.8763887212432948,1.0
60.5,0.9494249505965089,0.8768915780362656,1.0
60.6,0.9496746307393159,0.8773924231725989,1.0
60.7,0.9499227583360379,0.877891260599929,1.0
60.8,0.950169338902249,0.8783880942929729,1.0
60.9,0.9504143779650952,0.8788829282533701,1.0
61.0,0.9506578810631733,0.8793757665095201,1.0
61.1,0.9508998537464107,0.8798666131164216,1.0
61.2,0.9511403015759449,0.8803554721555106,1.0
61.3,0.9513792301240019,0.8808423477344997,1.0
61.4,0.9516166449737766,0.8813272439872165,1.0
61.5,0.9518525517193117,0.8818101650734421,1.0
61.6,0.9520869559653765,0.8822911151787498,1.0
61.7,0.9523198633273472,0.8827700985143435,1.0
61.8,0.9525512794310853,0.8832471193168969,1.0
61.9,0.9527812099128179,0.8837221818483918,1.0
62.0,0.953009660419016,0.8841952903959563,1.0
62.1,0.9532366366062746,0.8846664492717042,1.0
62.2,0.9534621441411913,0.8851356628125735,1.0
62.3,0.9536861887002467,0.8856029353801641,1.0
62.4,0.9539087759696825,0.8860682713605781,1.0
62.5,0.9541299116453819,0.8865316751642566,1.0
62.6,0.9543496014327478,0.8869931512258197,1.0
62.7,0.9545678510465835,0.8874527040039046,1.0
62.8,0.9547846662109706,0.8879103379810042,1.0
62.9,0.9550000526591496,0.888366057663306,1.0
63.0,0.955214016133398,0.8888198675805302,1.0
63.1,0.9554265623849107,0.8892717722857689,1.0
63.2,0.955637697173679,0.8897217763553246,1.0
63.3,0.9558474262683692,0.8901698843885484,1.0
63.4,0.956055755446203,0.8906161010076794,1.0
63.5,0.9562626904928363,0.8910604308576825,1.0
63.6,0.9564682372022384,0.8915028786060878,1.0
63.7,0.9566724013765717,0.8919434489428285,1.0
63.8,0.9568751888260707,0.8923821465800803,1.0
63.9,0.9570766053689215,0.8928189762520992,1.0
64.0,0.9572766568311409,0.893253942715061,1.0
64.1,0.9574753490464563,0.893687050746899,1.0
64.2,0.9576726878561841,0.8941183051471436,1.0
64.3,0.95786867910911,0.8945477107367603,1.0
64.4,0.9580633286613676,0.8949752723579883,1.0
64.5,0.9582566423763181,0.8954009948741795,1.0
64.6,0.9584486261244296,0.8958248831696369,1.0
64.7,0.9586392857831562,0.8962469421494534,1.0
64.8,0.9588286272368174,0.8966671767393501,1.0
64.9,0.9590166563764777,0.8970855918855155,1.0
65.0,0.9592033790998257,0.8975021925544432,1.0
65.1,0.9593888013110533,0.8979169837327716,1.0
65.2,0.9595729289207353,0.8983299704271221,1.0
65.3,0.9597557678457085,0.8987411576639373,1.0
65.4,0.9599373240089513,0.89915055048932,1.0
65.5,0.9601176033394625,0.8995581539688724,1.0
65.6,0.9602966117721412,0.8999639731875335,1.0
65.7,0.9604743552476661,0.900368013249419,1.0
65.8,0.9606508397123741,0.9007702792776585,1.0
65.9,0.9608260711181407,0.9011707764142362,1.0
66.0,0.9610000554222582,0.901569509819827,1.0
66.1,0.961172798587316,0.9019664846736373,1.0
66.2,0.9613443065810795,0.9023617061732425,1.0
66.3,0.9615145853763691,0.9027551795344257,1.0
66.4,0.9616836409509404,0.903146909991017,1.0
66.5,0.9618514792873626,0.9035369027947311,1.0
66.6,0.9620181063728981,0.9039251632150068,1.0
66.7,0.9621835281993825,0.9043116965388454,1.0
66.8,0.9623477507631026,0.9046965080706489,1.0
66.9,0.9625107800646773,0.9050796031320595,1.0
67.0,0.9626726221089354,0.9054609870617971,1.0
67.1,0.9628332829047961,0.9058406652154991,1.0
67.2,0.9629927684651478,0.9062186429655582,1.0
67.3,0.9631510848067272,0.9065949257009613,1.0
67.4,0.9633082379499992,0.9069695188271283,1.0
67.5,0.9634642339190358,0.9073424277657504,1.0
67.6,0.9636190787413957,0.907713657954629,1.0
67.7,0.9637727784480034,0.9080832148475142,1.0
67.8,0.9639253390730284,0.9084511039139436,1.0
67.9,0.9640767666537652,0.9088173306390805,1.0
68.0,0.9642270672305118,0.9091819005235533,1.0
68.1,0.9643762468464494,0.9095448190832931,1.0
68.2,0.9645243115475218,0.9099060918493734,1.0
68.3,0.9646712673823148,0.910265724367848,1.0
68.4,0.964817120401935,0.9106237221995899,1.0
68.5,0.9649618766598898,0.9109800909201297,1.0
68.6,0.9651055422119661,0.9113348361194947,1.0
68.7,0.9652481231161103,0.9116879634020473,1.0
68.8,0.965389625432307,0.9120394783863233,1.0
68.9,0.9655300552224585,0.9123893867048709,1.0
69.0,0.9656694185502646,0.9127376940040894,1.0
69.1,0.9658077214811011,0.9130844059440677,1.0
69.2,0.9659449700818997,0.9134295281984227,1.0
69.3,0.9660811704210274,0.9137730664541382,1.0
69.4,0.9662163285681653,0.9141150264114037,1.0
69.5,0.9663504505941883,0.9144554137834526,1.0
69.6,0.9664835425710445,0.914794234296401,1.0
69.7,0.9666156105716344,0.9151314936890866,1.0
69.8,0.9667466606696898,0.9154671977129069,1.0
69.9,0.9668766989396541,0.9158013521316581,1.0
70.0,0.9670057314565605,0.9161339627213738,1.0
70.1,0.9671337642959125,0.9164650352701632,1.0
70.2,0.9672608035335618,0.9167945755780503,1.0
70.3,0.9673868552455892,0.9171225894568124,1.0
70.4,0.9675119255081828,0.9174490827298181,1.0
70.5,0.9676360203975175,0.9177740612318667,1.0
70.6,0.9677591459896349,0.9180975308090267,1.0
70.7,0.967881308360322,0.918419497318474,1.0
70.8,0.9680025135849907,0.9187399666283314,1.0
70.9,0.9681227677385573,0.9190589446175057,1.0
71.0,0.9682420768953217,0.9193764371755282,1.0
71.1,0.9683604471288466,0.9196924502023919,1.0
71.2,0.9684778845118371,0.9200069896083909,1.0
71.3,0.9685943951160197,0.9203200613139585,1.0
71.4,0.968709985012022,0.9206316712495065,1.0
71.5,0.9688246602692516,0.9209418253552631,1.0
71.6,0.9689384269557759,0.9212505295811122,1.0
71.7,0.969051291138201,0.9215577898864313,1.0
71.8,0.9691632588815512,0.921863612239931,1.0
71.9,0.9692743362491484,0.9221680026194928,1.0
72.0,0.9693845293024913,0.9224709670120083,1.0
72.1,0.9694938441011347,0.9227725114132175,1.0
72.2,0.969602286702569,0.9230726418275479,1.0
72.3,0.9697098631620994,0.9233713642679523,1.0
72.4,0.9698165795327254,0.9236686847557485,1.0
72.5,0.9699224418650194,0.9239646093204568,1.0
72.6,0.9700274562070075,0.9242591439996395,1.0
72.7,0.970131628604047,0.9245522948387391,1.0
72.8,0.9702349650987072,0.9248440678909176,1.0
72.9,0.9703374717306482,0.9251344692168936,1.0
73.0,0.9704391545364998,0.9254235048847826,1.0
73.1,0.9705400195497415,0.925711180969935,1.0
73.2,0.9706400728005815,0.9259975035547744,1.0
73.3,0.970739320315836,0.9262824787286367,1.0
73.4,0.9708377681188087,0.9265661125876082,1.0
73.5,0.97093542222917,0.9268484112343652,1.0
73.6,0.9710322886628361,0.9271293807780114,1.0
73.7,0.9711283734318489,0.9274090273339177,1.0
73.8,0.9712236825442547,0.9276873570235598,1.0
73.9,0.9713182220039843,0.9279643759743574,1.0
74.0,0.9714119978107312,0.9282400903195132,1.0
74.1,0.971505015959832,0.9285145061978504,1.0
74.2,0.971597282442145,0.9287876297536524,1.0
74.3,0.9716888032439303,0.929059467136501,1.0
74.4,0.971779584346728,0.9293300245011151,1.0
74.5,0.9718696317272384,0.9295993080071892,1.0
74.6,0.9719589513572015,0.929867323819232,1.0
74.7,0.9720475492032752,0.9301340781064056,1.0
74.8,0.972135431226916,0.9303995770423632,1.0
74.9,0.9722226033842573,0.9306638268050885,1.0
75.0,0.9723090716259889,0.9309268335767341,1.0
75.1,0.9723948418972371,0.93118860354346,1.0
75.2,0.972479920137443,0.9314491428952723,1.0
75.3,0.9725643122802422,0.9317084578258618,1.0
75.4,0.9726480242533445,0.9319665545324428,1.0
75.5,0.9727310619784127,0.9322234392155917,1.0
75.6,0.9728134313709422,0.9324791180790853,1.0
75.7,0.9728951383401403,0.93273359732974,1.0
75.8,0.9729761887888053,0.9329868831772496,1.0
75.9,0.9730565886132062,0.9332389818340252,1.0
76.0,0.9731363437029618,0.9334898995150325,1.0
76.1,0.9732154599409198,0.933739642437631,1.0
76.2,0.973293943203037,0.9339882168214129,1.0
76.3,0.9733717993582572,0.9342356288880415,1.0
76.4,0.973449034268392,0.9344818848610895,1.0
76.5,0.9735256537879993,0.9347269909658783,1.0
76.6,0.9736016637642623,0.9349709534293159,1.0
76.7,0.97367707003687,0.9352137784797363,1.0
76.8,0.9737518784378953,0.9354554723467374,1.0
76.9,0.9738260947916753,0.9356960412610202,1.0
77.0,0.9738997249146898,0.9359354914542269,1.0
77.1,0.9739727746154411,0.9361738291587801,1.0
77.2,0.9740452496943334,0.9364110606077212,1.0
77.3,0.9741171559435517,0.9366471920345485,1.0
77.4,0.9741884991469417,0.9368822296730571,1.0
77.5,0.9742592850798885,0.9371161797571761,1.0
77.6,0.9743295195091963,0.9373490485208082,1.0
77.7,0.9743992081929678,0.9375808421976679,1.0
77.8,0.974468356880483,0.9378115670211203,1.0
77.9,0.9745369713120795,0.9380412292240198,1.0
78.0,0.9746050572190308,0.9382698350385482,1.0
78.1,0.974672620323426,0.9384973906960543,1.0
78.2,0.9747396663380495,0.9387239024268916,1.0
78.3,0.9748062009662597,0.9389493764602574,1.0
78.4,0.9748722299018687,0.9391738190240315,1.0
78.5,0.9749377588290218,0.9393972363446144,1.0
78.6,0.9750027934220762,0.9396196346467662,1.0
78.7,0.9750673393454808,0.9398410201534457,1.0
78.8,0.9751314022536557,0.940061399085648,1.0
78.9,0.9751949877908709,0.940280777662244,1.0
79.0,0.975258101591126,0.9404991620998188,1.0
79.1,0.9753207492780298,0.9407165586125098,1.0
79.2,0.9753829364646791,0.9409329734118466,1.0
79.3,0.9754446687535382,0.9411484127065879,1.0
79.4,0.9755059517363183,0.9413628827025617,1.0
79.5,0.9755667909938569,0.9415763896025032,1.0
79.6,0.975627192095997,0.9417889396058934,1.0
79.7,0.9756871606014663,0.9420005389087979,1.0
79.8,0.9757467020577568,0.9422111937037052,1.0
79.9,0.9758058220010041,0.9424209101793662,1.0
80.0,0.9758645259558664,0.9426296945206318,1.0
80.1,0.9759228194354039,0.9428375529082922,1.0
80.2,0.9759807079409588,0.943044491518915,1.0
80.3,0.9760381969620338,0.9432505165246847,1.0
80.4,0.9760952919761714,0.9434556340932402,1.0
80.5,0.9761519984488342,0.9436598503875144,1.0
80.6,0.976208321833283,0.9438631715655722,1.0
80.7,0.9762642675704569,0.9440656037804496,1.0
80.8,0.9763198410888526,0.9442671531799919,1.0
80.9,0.9763750478044032,0.9444678259066925,1.0
81.0,0.976429893120358,0.9446676280975319,1.0
81.1,0.9764843824271618,0.9448665658838156,1.0
81.2,0.9765385211023342,0.9450646453910134,1.0
81.3,0.9765923145103483,0.9452618727385976,1.0
81.4,0.9766457680025113,0.945458254039882,1.0
81.5,0.9766988869168425,0.94565379540186,1.0
81.6,0.9767516765779536,0.945848502925044,1.0
81.7,0.9768041422969272,0.9460423827033031,1.0
81.8,0.9768562893711972,0.9462354408237026,1.0
81.9,0.9769081230844269,0.946427683366342,1.0
82.0,0.9769596487063891,0.946619116404194,1.0
82.1,0.9770108714928455,0.9468097460029433,1.0
82.2,0.9770617966854253,0.9469995782208244,1.0
82.3,0.9771124295115053,0.9471886191084611,1.0
82.4,0.977162775184089,0.9473768747087048,1.0
82.5,0.9772128389016855,0.947564351056473,1.0
82.6,0.9772626258481893,0.9477510541785883,1.0
82.7,0.9773121411927597,0.9479369900936166,1.0
82.8,0.9773613900896995,0.9481221648117062,1.0
82.9,0.977410377678335,0.9483065843344258,1.0
83.0,0.9774591090828952,0.9484902546546039,1.0
83.1,0.9775075894123907,0.9486731817561667,1.0
83.2,0.9775558237604933,0.9488553716139771,1.0
83.3,0.9776038172054156,0.9490368301936737,1.0
83.4,0.9776515748097898,0.9492175634515085,1.0
83.5,0.9776991016205474,0.9493975773341864,1.0
83.6,0.9777464026687983,0.9495768777787033,1.0
83.7,0.9777934829697105,0.9497554707121851,1.0
83.8,0.9778403475223889,0.9499333620517262,1.0
83.9,0.9778870013097549,0.9501105577042277,1.0
84.0,0.9779334492984257,0.9502870635662368,1.0
84.1,0.977979696438594,0.950462885523785,1.0
84.2,0.9780257476639063,0.9506380294522268,1.0
84.3,0.9780716078913433,0.950812501216078,1.0
84.4,0.9781172820210988,0.950986306668855,1.0
84.5,0.978162774936459,0.951159451652913,1.0
84.6,0.9782080915036817,0.9513319419992847,1.0
84.7,0.978253236571876,0.951503783527519,1.0
84.8,0.9782982149728812,0.9516749820455193,1.0
84.9,0.9783430315211463,0.9518455433493827,1.0
85.0,0.9783876910136097,0.9520154732232382,1.0
85.1,0.9784321982295778,0.9521847774390857,1.0
85.2,0.978476557930605,0.952353461756634,1.0
85.3,0.9785207748603724,0.9525215319231403,1.0
85.4,0.9785648537445677,0.952688993673248,1.0
85.5,0.9786087992907642,0.9528558527288257,1.0
85.6,0.9786526161883001,0.953022114798806,1.0
85.7,0.9786963091081582,0.9531877855790243,1.0
85.8,0.9787398827028446,0.9533528707520561,1.0
85.9,0.9787833416062687,0.9535173759870577,1.0
86.0,0.9788266904336218,0.953681306939603,1.0
86.1,0.9788699337812574,0.9538446692515233,1.0
86.2,0.9789130762265694,0.9540074685507455,1.0
86.3,0.9789561223278722,0.9541697104511305,1.0
86.4,0.9789990766242798,0.9543314005523124,1.0
86.5,0.9790419436355852,0.9544925444395364,1.0
86.6,0.9790847278621394,0.9546531476834983,1.0
86.7,0.9791274337847312,0.9548132158401825,1.0
86.8,0.9791700658644662,0.9549727544507006,1.0
86.9,0.9792126285426462,0.9551317690411307,1.0
87.0,0.9792551262406487,0.9552902651223552,1.0
87.1,0.9792975633598059,0.9554482481898998,1.0
87.2,0.9793399442812842,0.9556057237237725,1.0
87.3,0.9793822733659636,0.9557626971883014,1.0
87.4,0.979424554954317,0.9559191740319742,1.0
87.5,0.9794667933662893,0.9560751596872762,1.0
87.6,0.9795089929011769,0.9562306595705292,1.0
87.7,0.9795511578375071,0.9563856790817301,1.0
87.8,0.9795932924329174,0.9565402236043897,1.0
87.9,0.9796354009240348,0.956694298505371,1.0
88.0,0.9796774875263548,0.9568479091347278,1.0
88.1,0.9797195564341212,0.957001060825544,1.0
88.2,0.9797616118202055,0.9571537588937715,1.0
88.3,0.9798036578359854,0.9573060086380688,1.0
88.4,0.9798456986112253,0.9574578153396405,1.0
88.5,0.9798877382539545,0.957609184262075,1.0
88.6,0.9799297808503472,0.9577601206511833,1.0
88.7,0.979971830464602,0.9579106297348384,1.0
88.8,0.9800138911388204,0.9580607167228129,1.0
88.9,0.980055966892887,0.9582103868066181,1.0
89.0,0.9800980617243481,0.9583596451593427,1.0
89.1,0.9801401796082916,0.9585084969354913,1.0
89.2,0.9801823244972259,0.9586569472708234,1.0
89.3,0.9802245003209596,0.958805001282191,1.0
89.4,0.9802667109864808,0.9589526640673788,1.0
89.5,0.9803089603778357,0.9590999407049411,1.0
89.6,0.9803512523560088,0.9592468362540421,1.0
89.7,0.9803935907588022,0.9593933557542931,1.0
89.8,0.9804359794007141,0.9595395042255921,1.0
89.9,0.9804784220728191,0.9596852866679622,1.0
90.0,0.9805209225426468,0.9598307080613897,1.0
90.1,0.9805634845540615,0.9599757733656635,1.0
90.2,0.9806061118271415,0.9601204875202134,1.0
90.3,0.9806488080580584,0.9602648554439487,1.0
90.4,0.980691576918956,0.9604088820350966,1.0
90.5,0.9807344220578306,0.9605525721710413,1.0
90.6,0.9807773470984092,0.9606959307081624,1.0
90.7,0.9808203556400299,0.9608389624816738,1.0
90.8,0.98086345125752,0.9609816723054615,1.0
90.9,0.9809066375010765,0.9611240649719234,1.0
91.0,0.9809499178961449,0.9612661452518069,1.0
91.1,0.9809932959432984,0.9614079178940483,1.0
91.2,0.9810367751181175,0.961549387625611,1.0
91.3,0.9810803588710691,0.9616905591513242,1.0
91.4,0.981124050627386,0.9618314371537215,1.0
91.5,0.981167853786946,0.9619720262928799,1.0
91.6,0.9812117717241517,0.9621123312062578,1.0
91.7,0.9812558077878094,0.9622523565085342,1.0
91.8,0.9812999653010082,0.962392106791447,1.0
91.9,0.9813442475609999,0.9625315866236318,1.0
92.0,0.9813886578390784,0.9626708005504604,1.0
92.1,0.981433199380458,0.9628097530938794,1.0
92.2,0.981477875404154,0.962948448752249,1.0
92.3,0.9815226891028612,0.9630868920001819,1.0
92.4,0.9815676436428337,0.9632250872883812,1.0
92.5,0.9816127421637636,0.9633630390434793,1.0
92.6,0.9816579877786612,0.9635007516678771,1.0
92.7,0.9817033835737333,0.9636382295395819,1.0
92.8,0.9817489326082638,0.9637754770120464,1.0
92.9,0.9817946379144915,0.9639124984140071,1.0
93.0,0.981840502497491,0.9640492980493234,1.0
93.1,0.9818865293350505,0.9641858801968156,1.0
93.2,0.9819327213775524,0.9643222491101041,1.0
93.3,0.981979081547852,0.9644584090174476,1.0
93.4,0.9820256127411567,0.9645943641215821,1.0
93.5,0.9820723178249059,0.9647301185995589,1.0
93.6,0.9821191996386497,0.9648656766025843,1.0
93.7,0.9821662609939286,0.965001042255857,1.0
93.8,0.9822135046741526,0.965136219658408,1.0
93.9,0.9822609334344808,0.9652712128829378,1.0
94.0,0.9823085500017006,0.9654060259756565,1.0
94.1,0.9823563570741068,0.9655406629561214,1.0
94.2,0.9824043573213813,0.9656751278170758,1.0
94.3,0.9824525533844722,0.9658094245242881,1.0
94.4,0.9825009478754732,0.96594355701639,1.0
94.5,0.9825495433775027,0.9660775292047153,1.0
94.6,0.9825983424445834,0.9662113449731387,1.0
94.7,0.982647347601522,0.9663450081779136,1.0
94.8,0.9826965613437871,0.9664785226475119,1.0
94.9,0.9827459861373906,0.966611892182462,1.0
95.0,0.9827956244187652,0.9667451205551875,1.0
95.1,0.9828454785946446,0.9668782115098457,1.0
95.2,0.9828955510419426,0.9670111687621664,1.0
95.3,0.9829458441076327,0.9671439959992909,1.0
95.4,0.9829963601086272,0.9672766968796097,1.0
95.5,0.9830471013316564,0.967409275032602,1.0
95.6,0.983098070033148,0.967541734058674,1.0
95.7,0.9831492684391065,0.9676740775289975,1.0
95.8,0.983200698744993,0.9678063089853484,1.0
95.9,0.9832523631156035,0.9679384319399458,1.0
96.0,0.9833042636849487,0.9680704498752901,1.0
96.1,0.9833564025561339,0.9682023662440021,1.0
96.2,0.9834087818012374,0.9683341844686612,1.0
96.3,0.9834614034611903,0.9684659079416442,1.0
96.4,0.9835142695456559,0.9685975400249642,1.0
96.5,0.9835673820329089,0.9687290840501088,1.0
96.6,0.9836207428697146,0.968860543317879,1.0
96.7,0.9836743539712082,0.9689919210982276,1.0
96.8,0.9837282172207746,0.9691232206300985,1.0
96.9,0.9837823344699271,0.9692544451212641,1.0
97.0,0.9838367075381873,0.9693855977481652,1.0
97.1,0.9838913382129637,0.9695166816557489,1.0
97.2,0.983946228249432,0.9696476999573074,1.0
97.3,0.9840013793704133,0.9697786557343165,1.0
97.4,0.9840567932662546,0.9699095520362748,1.0
97.5,0.9841124715947072,0.9700403918805417,1.0
97.6,0.9841684159808063,0.9701711782521759,1.0
97.7,0.9842246280167505,0.970301914103775,1.0
97.8,0.984281109261781,0.970432602355313,1.0
97.9,0.984337861242061,0.9705632458939798,1.0
98.0,0.984394885450555,0.9706938475740192,1.0
98.1,0.9844521833469078,0.970824410216568,1.0
98.2,0.9845097563573242,0.9709549366094943,1.0
98.3,0.9845676058744485,0.9710854295072363,1.0
98.4,0.9846257332572433,0.971215891630641,1.0
98.5,0.9846841398308691,0.9713463256668027,1.0
98.6,0.9847428268865638,0.9714767342689015,1.0
98.7,0.9848017956815216,0.9716071200560422,1.0
98.8,0.9848610474387727,0.9717374856130929,1.0
98.9,0.9849205833470622,0.9718678334905235,1.0
99.0,0.9849804045607302,0.9719981662042445,1.0
99.1,0.9850405121995902,0.9721284862354452,1.0
99.2,0.9851009073488091,0.9722587960304331,1.0
99.3,0.9851615910587861,0.9723890980004717,1.0
99.4,0.9852225643450323,0.9725193945216197,1.0
99.5,0.98528382818805,0.9726496879345694,1.0
99.6,0.9853453835332118,0.9727799805444854,1.0
99.7,0.9854072312906401,0.9729102746208435,1.0
99.8,0.9854693723350866,0.9730405723972684,1.0
99.9,0.9855318075058112,0.9731708760713734,1.0
100.0,0.9855945376064615,0.9733011878045987,1.0
100.1,0.9856575634049525,0.9734315097220498,1.0
100.2,0.9857208856333453,0.9735618439123361,1.0
100.3,0.9857845049877267,0.97369219242741,1.0
100.4,0.9858484221280889,0.9738225572824051,1.0
100.5,0.9859126376782081,0.9739529404554749,1.0
100.6,0.9859771522255245,0.9740833438876315,1.0
100.7,0.986041966321021,0.9742137694825845,1.0
100.8,0.9861070804791031,0.9743442191065791,1.0
100.9,0.986172495177478,0.974474694588235,1.0
101.0,0.9862382108570336,0.9746051977183852,1.0
101.1,0.9863042279217183,0.9747357302499141,1.0
101.2,0.9863705467384204,0.9748662938975972,1.0
101.3,0.9864371676368467,0.974996890337938,1.0
101.4,0.9865040909094027,0.9751275212090087,1.0
101.5,0.9865713168110712,0.975258188110287,1.0
101.6,0.9866388455592922,0.9753888926024958,1.0
101.7,0.9867066773338417,0.9755196362074419,1.0
101.8,0.9867748122767116,0.9756504204078535,1.0
101.9,0.9868432504919886,0.9757812466472205,1.0
102.0,0.9869119920457335,0.9759121163296315,1.0
102.1,0.9869810369658609,0.9760430308196136,1.0
102.2,0.9870503852420182,0.9761739914419705,1.0
102.3,0.9871200368254649,0.9763049994816211,1.0
102.4,0.9871899916289522,0.9764360561834386,1.0
102.5,0.9872602495266021,0.9765671627520885,1.0
102.6,0.9873308103537867,0.9766983203518677,1.0
102.7,0.987401673907008,0.9768295301065428,1.0
102.8,0.9874728399437762,0.9769607930991892,1.0
102.9,0.9875443081824904,0.9770921103720289,1.0
103.0,0.9876160783023166,0.9772234829262704,1.0
103.1,0.9876881499430678,0.977354911721946,1.0
103.2,0.9877605227050833,0.9774863976777513,1.0
103.3,0.9878331961491076,0.9776179416708832,1.0
103.4,0.9879061697961703,0.9777495445368797,1.0
103.5,0.9879794431274649,0.9778812070694567,1.0
103.6,0.9880530155842282,0.9780129300203485,1.0
103.7,0.9881268865676202,0.978144714099145,1.0
103.8,0.9882010554386026,0.9782765599731312,1.0
103.9,0.9882755215178186,0.9784084682671257,1.0
104.0,0.9883502840854722,0.9785404395633187,1.0
104.1,0.9884253423812076,0.9786724744011115,1.0
104.2,0.9885006956039881,0.9788045732769547,1.0
104.3,0.9885763429119758,0.9789367366441867,1.0
104.4,0.988652283422411,0.9790689649128728,1.0
104.5,0.9887285162114912,0.9792012584496431,1.0
104.6,0.9888050403142505,0.979333617577532,1.0
104.7,0.9888818547244393,0.9794660425758163,1.0
104.8,0.9889589583944032,0.9795985336798538,1.0
104.9,0.9890363502349622,0.979731091080922,1.0
105.0,0.9891140291152907,0.9798637149260572,1.0
105.1,0.9891919938627961,0.9799964053178923,1.0
105.2,0.9892702432629986,0.9801291623144961,1.0
105.3,0.9893487760594104,0.9802619859292115,1.0
105.4,0.9894275909534148,0.9803948761304946,1.0
105.5,0.9895066866041459,0.9805278328417528,1.0
105.6,0.9895860616283675,0.9806608559411839,1.0
105.7,0.9896657146003529,0.9807939452616145,1.0
105.8,0.9897456440517638,0.9809271005903382,1.0
105.9,0.9898258484715299,0.9810603216689554,1.0
106.0,0.9899063263057281,0.9811936081932108,1.0
106.1,0.9899870759574617,0.9813269598128325,1.0
106.2,0.9900680957867404,0.9814603761313705,1.0
106.3,0.9901493841103586,0.9815938567060356,1.0
106.4,0.9902309392017752,0.9817274010475379,1.0
106.5,0.9903127592909933,0.981861008619925,1.0
106.6,0.990394842564439,0.9819946788404214,1.0
106.7,0.9904771871648409,0.9821284110792665,1.0
106.8,0.9905597911911094,0.9822622046595536,1.0
106.9,0.9906426526982162,0.9823960588570684,1.0
107.0,0.990725769697073,0.9825299729001273,1.0
107.1,0.9908091401544122,0.9826639459694171,1.0
107.2,0.9908927619926646,0.9827979771978322,1.0
107.3,0.9909766330898395,0.9829320656703142,1.0
107.4,0.9910607512794042,0.9830662104236904,1.0
107.5,0.9911451143501631,0.9832004104465117,1.0
107.6,0.9912297200461369,0.9833346646788929,1.0
107.7,0.9913145660664421,0.9834689720123491,1.0
107.8,0.9913996500651703,0.9836033312896363,1.0
107.9,0.9914849696512673,0.9837377413045888,1.0
108.0,0.9915705223884131,0.9838722008019585,1.0
108.1,0.9916563057949003,0.984006708477253,1.0
108.2,0.9917423173435139,0.9841412629765749,1.0
108.3,0.9918285544614108,0.9842758628964596,1.0
108.4,0.991915014529999,0.9844105067837149,1.0
108.5,0.9920016948848165,0.9845451931352585,1.0
108.6,0.9920885928154112,0.9846799203979578,1.0
108.7,0.9921757055652198,0.9848146869684677,1.0
108.8,0.9922630303314478,0.9849494911930695,1.0
108.9,0.9923505642649478,0.9850843313675096,1.0
109.0,0.9924383044700997,0.9852192057368381,1.0
109.1,0.9925262480046895,0.9853541124952474,1.0
109.2,0.9926143918797888,0.9854890497859108,1.0
109.3,0.9927027330596345,0.9856240157008209,1.0
109.4,0.9927912684615074,0.9857590082806291,1.0
109.5,0.992879994955612,0.9858940255144831,1.0
109.6,0.9929689093649557,0.9860290653398665,1.0
109.7,0.9930580084652283,0.9861641256424364,1.0
109.8,0.9931472889846809,0.9862992042558631,1.0
109.9,0.9932367476040057,0.9864342989616682,1.0
110.0,0.993326380956215,0.9865694074890633,1.0
110.1,0.9934161856265207,0.9867045275147883,1.0
110.2,0.9935061581522137,0.9868396566629507,1.0
110.3,0.9935962950225428,0.9869747925048638,1.0
110.4,0.9935962950225428,0.9871099325588854,1.0
110.5,0.9935962950225428,0.9872450742902563,1.0
110.6,0.9935962950225428,0.9873802151109394,1.0
110.7,0.9935962950225428,0.9875153523794578,1.0
110.8,0.9935962950225428,0.9876504834007335,1.0
110.9,0.9935962950225428,0.9877856054259265,1.0
111.0,0.9935962950225428,0.9879207156522729,1.0
111.1,0.9935962950225428,0.9880558112229239,1.0
111.2,0.9935962950225428,0.988190889226784,1.0
111.3,0.9935962950225428,0.98832594669835,1.0
111.4,0.9935962950225428,0.98846098061755,1.0
111.5,0.9935962950225428,0.9885959879095807,1.0
111.6,0.9935962950225428,0.9887309654447475,1.0
111.7,0.9935962950225428,0.9888659100383025,1.0
111.8,0.9935962950225428,0.989000818450283,1.0
111.9,0.9935962950225428,0.9891356873853503,1.0
112.0,0.9935962950225428,0.9892705134926284,1.0
112.1,0.9935962950225428,0.9894052933655424,1.0
112.2,0.9935962950225428,0.9895400235416576,1.0
112.3,0.9935962950225428,0.9896747005025176,1.0
112.4,0.9935962950225428,0.9898093206734832,1.0
112.5,0.9935962950225428,0.9899438804235707,1.0
112.6,0.9935962950225428,0.9900783760652914,1.0
112.7,0.9935962950225428,0.9902128038544892,1.0
112.8,0.9935962950225428,0.9903471599901797,1.0
112.9,0.9935962950225428,0.9904814406143891,1.0
113.0,0.9935962950225428,0.9906156418119924,1.0
113.1,0.9935962950225428,0.9907497596105519,1.0
113.2,0.9935962950225428,0.9908837899801566,1.0
113.3,0.9935962950225428,0.9910177288332598,1.0
113.4,0.9935962950225428,0.9911515720245188,1.0
113.5,0.9935962950225428,0.9912853153506326,1.0
113.6,0.9935962950225428,0.9914189545501811,1.0
113.7,0.9935962950225428,0.9915524853034637,1.0
113.8,0.9935962950225428,0.9916859032323374,1.0
113.9,0.9935962950225428,0.9918192039000563,1.0
114.0,0.9935962950225428,0.9919523828111094,1.0
114.1,0.9935962950225428,0.9920854354110598,1.0
114.2,0.9935962950225428,0.992218357086383,1.0
114.3,0.9935962950225428,0.9923511431643056,1.0
114.4,0.9935962950225428,0.9924837889126443,1.0
114.5,0.9935962950225428,0.9926162895396439,1.0
114.6,0.9935962950225428,0.9927486401938164,1.0
114.7,0.9935962950225428,0.9928808359637795,1.0
114.8,0.9935962950225428,0.9930128718780951,1.0
114.9,0.9935962950225428,0.993144742905108,1.0
115.0,0.9935962950225428,0.9932764439527849,1.0
115.1,0.9935962950225428,0.9934079698685523,1.0
115.2,0.9935962950225428,0.993539315439136,1.0
115.3,0.9935962950225428,0.9936704753903988,1.0
115.4,0.9935962950225428,0.9938014443871798,1.0
115.5,0.9935962950225428,0.9939322170331331,1.0
115.6,0.9935962950225428,0.9940627878705656,1.0
115.7,0.9935962950225428,0.9941931513802768,1.0
115.8,0.9935962950225428,0.9943233019813963,1.0
115.9,0.9935962950225428,0.9944532340312234,1.0
116.0,0.9935962950225428,0.9945829418250652,1.0
116.1,0.9935962950225428,0.9947124195960751,1.0
116.2,0.9935962950225428,0.9948416615150919,1.0
116.3,0.9935962950225428,0.9949706616904781,1.0
116.4,0.9935962950225428,0.9950994141679586,1.0
116.5,0.9935962950225428,0.9952279129304592,1.0
116.6,0.9935962950225428,0.9953561518979458,1.0
116.7,0.9935962950225428,0.9954841249272623,1.0
116.8,0.9935962950225428,0.9956118258119698,1.0
116.9,0.9935962950225428,0.9957392482821845,1.0
117.0,0.9935962950225428,0.9958663860044175,1.0
117.1,0.9935962950225428,0.9958663860044175,1.0
117.2,0.9935962950225428,0.9958663860044175,1.0
117.3,0.9935962950225428,0.9958663860044175,1.0
117.4,0.9935962950225428,0.9958663860044175,1.0
117.5,0.9935962950225428,0.9958663860044175,1.0
117.6,0.9935962950225428,0.9958663860044175,1.0
117.7,0.9935962950225428,0.9958663860044175,1.0
117.8,0.9935962950225428,0.9958663860044175,1.0
117.9,0.9935962950225428,0.9958663860044175,1.0
118.0,0.9935962950225428,0.9958663860044175,1.0
118.1,0.9935962950225428,0.9958663860044175,1.0
118.2,0.9935962950225428,0.9958663860044175,1.0
118.3,0.9935962950225428,0.9958663860044175,1.0
118.4,0.9935962950225428,0.9958663860044175,1.0
118.5,0.9935962950225428,0.9958663860044175,1.0
118.6,0.9935962950225428,0.9958663860044175,1.0
118.7,0.9935962950225428,0.9958663860044175,1.0
118.8,0.9935962950225428,0.9958663860044175,1.0
118.9,0.9935962950225428,0.9958663860044175,1.0
119.0,0.9935962950225428,0.9958663860044175,1.0
119.1,0.9935962950225428,0.9958663860044175,1.0
119.2,0.9935962950225428,0.9958663860044175,1.0
119.3,0.9935962950225428,0.9958663860044175,1.0
119.4,0.9935962950225428,0.9958663860044175,1.0
119.5,0.9935962950225428,0.9958663860044175,1.0
119.6,0.9935962950225428,0.9958663860044175,1.0
119.7,0.9935962950225428,0.9958663860044175,1.0
119.8,0.9935962950225428,0.9958663860044175,1.0
119.9,0.9935962950225428,0.9958663860044175,1.0
120.0,0.9935962950225428,0.9958663860044175,1.0
120.1,0.9935962950225428,0.9958663860044175,1.0
120.2,0.9935962950225428,0.9958663860044175,1.0
120.3,0.9935962950225428,0.9958663860044175,1.0
120.4,0.9935962950225428,0.9958663860044175,1.0
120.5,0.9935962950225428,0.9958663860044175,1.0
120.6,0.9935962950225428,0.9958663860044175,1.0
120.7,0.9935962950225428,0.9958663860044175,1.0
120.8,0.9935962950225428,0.9958663860044175,1.0
120.9,0.9935962950225428,0.9958663860044175,1.0
121.0,0.9935962950225428,0.9958663860044175,1.0
121.1,0.9935962950225428,0.9958663860044175,1.0
121.2,0.9935962950225428,0.9958663860044175,1.0
121.3,0.9935962950225428,0.9958663860044175,1.0
121.4,0.9935962950225428,0.9958663860044175,1.0
121.5,0.9935962950225428,0.9958663860044175,1.0
121.6,0.9935962950225428,0.9958663860044175,1.0
121.7,0.9935962950225428,0.9958663860044175,1.0
121.8,0.9935962950225428,0.9958663860044175,1.0
121.9,0.9935962950225428,0.9958663860044175,1.0
122.0,0.9935962950225428,0.9958663860044175,1.0
122.1,0.9935962950225428,0.9958663860044175,1.0
122.2,0.9935962950225428,0.9958663860044175,1.0
122.3,0.9935962950225428,0.9958663860044175,1.0
122.4,0.9935962950225428,0.9958663860044175,1.0
122.5,0.9935962950225428,0.9958663860044175,1.0
122.6,0.9935962950225428,0.9958663860044175,1.0
122.7,0.9935962950225428,0.9958663860044175,1.0
122.8,0.9935962950225428,0.9958663860044175,1.0
122.9,0.9935962950225428,0.9958663860044175,1.0
123.0,0.9935962950225428,0.9958663860044175,1.0
123.1,0.9935962950225428,0.9958663860044175,1.0
123.2,0.9935962950225428,0.9958663860044175,1.0
123.3,0.9935962950225428,0.9958663860044175,1.0
123.4,0.9935962950225428,0.9958663860044175,1.0
123.5,0.9935962950225428,0.9958663860044175,1.0
123.6,0.9935962950225428,0.9958663860044175,1.0
123.7,0.9935962950225428,0.9958663860044175,1.0
123.8,0.9935962950225428,0.9958663860044175,1.0
123.9,0.9935962950225428,0.9958663860044175,1.0
124.0,0.9935962950225428,0.9958663860044175,1.0
124.1,0.9935962950225428,0.9958663860044175,1.0
124.2,0.9935962950225428,0.9958663860044175,1.0
124.3,0.9935962950225428,0.9958663860044175,1.0
124.4,0.9935962950225428,0.9958663860044175,1.0
124.5,0.9935962950225428,0.9958663860044175,1.0
124.6,0.9935962950225428,0.9958663860044175,1.0
124.7,0.9935962950225428,0.9958663860044175,1.0
124.8,0.9935962950225428,0.9958663860044175,1.0
124.9,0.9935962950225428,0.9958663860044175,1.0
125.0,0.9935962950225428,0.9958663860044175,1.0
125.1,0.9935962950225428,0.9958663860044175,1.0
125.2,0.9935962950225428,0.9958663860044175,1.0
125.3,0.9935962950225428,0.9958663860044175,1.0
125.4,0.9935962950225428,0.9958663860044175,1.0
125.5,0.9935962950225428,0.9958663860044175,1.0
125.6,0.9935962950225428,0.9958663860044175,1.0
125.7,0.9935962950225428,0.9958663860044175,1.0
125.8,0.9935962950225428,0.9958663860044175,1.0
125.9,0.9935962950225428,0.9958663860044175,1.0
126.0,0.9935962950225428,0.9958663860044175,1.0
126.1,0.9935962950225428,0.9958663860044175,1.0
126.2,0.9935962950225428,0.9958663860044175,1.0
126.3,0.9935962950225428,0.9958663860044175,1.0
126.4,0.9935962950225428,0.9958663860044175,1.0
126.5,0.9935962950225428,0.9958663860044175,1.0
126.6,0.9935962950225428,0.9958663860044175,1.0
126.7,0.9935962950225428,0.9958663860044175,1.0
126.8,0.9935962950225428,0.9958663860044175,1.0
126.9,0.9935962950225428,0.9958663860044175,1.0
127.0,0.9935962950225428,0.9958663860044175,1.0
127.1,0.9935962950225428,0.9958663860044175,1.0
127.2,0.9935962950225428,0.9958663860044175,1.0
127.3,0.9935962950225428,0.9958663860044175,1.0
127.4,0.9935962950225428,0.9958663860044175,1.0
127.5,0.9935962950225428,0.9958663860044175,1.0
127.6,0.9935962950225428,0.9958663860044175,1.0
127.7,0.9935962950225428,0.9958663860044175,1.0
127.8,0.9935962950225428,0.9958663860044175,1.0
127.9,0.9935962950225428,0.9958663860044175,1.0
128.0,0.9935962950225428,0.9958663860044175,1.0
128.1,0.9935962950225428,0.9958663860044175,1.0
128.2,0.9935962950225428,0.9958663860044175,1.0
128.3,0.9935962950225428,0.9958663860044175,1.0
128.4,0.9935962950225428,0.9958663860044175,1.0
128.5,0.9935962950225428,0.9958663860044175,1.0
128.6,0.9935962950225428,0.9958663860044175,1.0
128.7,0.9935962950225428,0.9958663860044175,1.0
128.8,0.9935962950225428,0.9958663860044175,1.0
128.9,0.9935962950225428,0.9958663860044175,1.0
129.0,0.9935962950225428,0.9958663860044175,1.0
129.1,0.9935962950225428,0.9958663860044175,1.0
129.2,0.9935962950225428,0.9958663860044175,1.0
129.3,0.9935962950225428,0.9958663860044175,1.0
129.4,0.9935962950225428,0.9958663860044175,1.0
129.5,0.9935962950225428,0.9958663860044175,1.0
129.6,0.9935962950225428,0.9958663860044175,1.0
129.7,0.9935962950225428,0.9958663860044175,1.0
129.8,0.9935962950225428,0.9958663860044175,1.0
129.9,0.9935962950225428,0.9958663860044175,1.0
130.0,0.9935962950225428,0.9958663860044175,1.0
130.1,0.9935962950225428,0.9958663860044175,1.0
130.2,0.9935962950225428,0.9958663860044175,1.0
130.3,0.9935962950225428,0.9958663860044175,1.0
130.4,0.9935962950225428,0.9958663860044175,1.0
130.5,0.9935962950225428,0.9958663860044175,1.0
130.6,0.9935962950225428,0.9958663860044175,1.0
130.7,0.9935962950225428,0.9958663860044175,1.0
130.8,0.9935962950225428,0.9958663860044175,1.0
130.9,0.9935962950225428,0.9958663860044175,1.0
131.0,0.9935962950225428,0.9958663860044175,1.0
131.1,0.9935962950225428,0.9958663860044175,1.0
131.2,0.9935962950225428,0.9958663860044175,1.0
131.3,0.9935962950225428,0.9958663860044175,1.0
131.4,0.9935962950225428,0.9958663860044175,1.0
131.5,0.9935962950225428,0.9958663860044175,1.0
131.6,0.9935962950225428,0.9958663860044175,1.0
131.7,0.9935962950225428,0.9958663860044175,1.0
131.8,0.9935962950225428,0.9958663860044175,1.0
131.9,0.9935962950225428,0.9958663860044175,1.0
132.0,0.9935962950225428,0.9958663860044175,1.0
132.1,0.9935962950225428,0.9958663860044175,1.0
132.2,0.9935962950225428,0.9958663860044175,1.0
132.3,0.9935962950225428,0.9958663860044175,1.0
132.4,0.9935962950225428,0.9958663860044175,1.0
132.5,0.9935962950225428,0.9958663860044175,1.0
132.6,0.9935962950225428,0.9958663860044175,1.0
132.7,0.9935962950225428,0.9958663860044175,1.0
132.8,0.9935962950225428,0.9958663860044175,1.0
132.9,0.9935962950225428,0.9958663860044175,1.0
133.0,0.9935962950225428,0.9958663860044175,1.0
133.1,0.9935962950225428,0.9958663860044175,1.0
133.2,0.9935962950225428,0.9958663860044175,1.0
133.3,0.9935962950225428,0.9958663860044175,1.0
133.4,0.9935962950225428,0.9958663860044175,1.0
133.5,0.9935962950225428,0.9958663860044175,1.0
133.6,0.9935962950225428,0.9958663860044175,1.0
133.7,0.9935962950225428,0.9958663860044175,1.0
133.8,0.9935962950225428,0.9958663860044175,1.0
133.9,0.9935962950225428,0.9958663860044175,1.0
134.0,0.9935962950225428,0.9958663860044175,1.0
134.1,0.9935962950225428,0.9958663860044175,1.0
134.2,0.9935962950225428,0.9958663860044175,1.0
134.3,0.9935962950225428,0.9958663860044175,1.0
134.4,0.9935962950225428,0.9958663860044175,1.0
134.5,0.9935962950225428,0.9958663860044175,1.0
134.6,0.9935962950225428,0.9958663860044175,1.0
134.7,0.9935962950225428,0.9958663860044175,1.0
134.8,0.9935962950225428,0.9958663860044175,1.0
134.9,0.9935962950225428,0.9958663860044175,1.0
135.0,0.9935962950225428,0.9958663860044175,1.0
135.1,0.9935962950225428,0.9958663860044175,1.0
135.2,0.9935962950225428,0.9958663860044175,1.0
135.3,0.9935962950225428,0.9958663860044175,1.0
135.4,0.9935962950225428,0.9958663860044175,1.0
135.5,0.9935962950225428,0.9958663860044175,1.0
135.6,0.9935962950225428,0.9958663860044175,1.0
135.7,0.9935962950225428,0.9958663860044175,1.0
135.8,0.9935962950225428,0.9958663860044175,1.0
135.9,0.9935962950225428,0.9958663860044175,1.0
136.0,0.9935962950225428,0.9958663860044175,1.0
136.1,0.9935962950225428,0.9958663860044175,1.0
136.2,0.9935962950225428,0.9958663860044175,1.0
136.3,0.9935962950225428,0.9958663860044175,1.0
136.4,0.9935962950225428,0.9958663860044175,1.0
136.5,0.9935962950225428,0.9958663860044175,1.0
136.6,0.9935962950225428,0.9958663860044175,1.0
136.7,0.9935962950225428,0.9958663860044175,1.0
136.8,0.9935962950225428,0.9958663860044175,1.0
136.9,0.9935962950225428,0.9958663860044175,1.0
137.0,0.9935962950225428,0.9958663860044175,1.0
137.1,0.9935962950225428,0.9958663860044175,1.0
137.2,0.9935962950225428,0.9958663860044175,1.0
137.3,0.9935962950225428,0.9958663860044175,1.0
137.4,0.9935962950225428,0.9958663860044175,1.0
137.5,0.9935962950225428,0.9958663860044175,1.0
137.6,0.9935962950225428,0.9958663860044175,1.0
137.7,0.9935962950225428,0.9958663860044175,1.0
137.8,0.9935962950225428,0.9958663860044175,1.0
137.9,0.9935962950225428,0.9958663860044175,1.0
138.0,0.9935962950225428,0.9958663860044175,1.0
138.1,0.9935962950225428,0.9958663860044175,1.0
138.2,0.9935962950225428,0.9958663860044175,1.0
138.3,0.9935962950225428,0.9958663860044175,1.0
138.4,0.9935962950225428,0.9958663860044175,1.0
138.5,0.9935962950225428,0.9958663860044175,1.0
138.6,0.9935962950225428,0.9958663860044175,1.0
138.7,0.9935962950225428,0.9958663860044175,1.0
138.8,0.9935962950225428,0.9958663860044175,1.0
138.9,0.9935962950225428,0.9958663860044175,1.0
139.0,0.9935962950225428,0.9958663860044175,1.0
139.1,0.9935962950225428,0.9958663860044175,1.0
139.2,0.9935962950225428,0.9958663860044175,1.0
139.3,0.9935962950225428,0.9958663860044175,1.0
139.4,0.9935962950225428,0.9958663860044175,1.0
139.5,0.9935962950225428,0.9958663860044175,1.0
139.6,0.9935962950225428,0.9958663860044175,1.0
139.7,0.9935962950225428,0.9958663860044175,1.0
139.8,0.9935962950225428,0.9958663860044175,1.0
139.9,0.9935962950225428,0.9958663860044175,1.0
140.0,0.9935962950225428,0.9958663860044175,1.0
140.1,0.9935962950225428,0.9958663860044175,1.0
140.2,0.9935962950225428,0.9958663860044175,1.0
140.3,0.9935962950225428,0.9958663860044175,1.0
140.4,0.9935962950225428,0.9958663860044175,1.0
140.5,0.9935962950225428,0.9958663860044175,1.0
140.6,0.9935962950225428,0.9958663860044175,1.0
140.7,0.9935962950225428,0.9958663860044175,1.0
140.8,0.9935962950225428,0.9958663860044175,1.0
140.9,0.9935962950225428,0.9958663860044175,1.0
141.0,0.9935962950225428,0.9958663860044175,1.0
141.1,0.9935962950225428,0.9958663860044175,1.0
141.2,0.9935962950225428,0.9958663860044175,1.0
141.3,0.9935962950225428,0.9958663860044175,1.0
141.4,0.9935962950225428,0.9958663860044175,1.0
141.5,0.9935962950225428,0.9958663860044175,1.0
141.6,0.9935962950225428,0.9958663860044175,1.0
141.7,0.9935962950225428,0.9958663860044175,1.0
141.8,0.9935962950225428,0.9958663860044175,1.0
141.9,0.9935962950225428,0.9958663860044175,1.0
142.0,0.9935962950225428,0.9958663860044175,1.0
